filename,width,height,filesize,brightness,sharpness,blurry_flag
GVLiD\Black rot\black rot001.jpg,1080,1080,295062,112.7026856112825,337.1591491699219,1
GVLiD\Black rot\black rot002.jpg,1080,1080,295062,112.7026856112825,337.1591491699219,1
GVLiD\Black rot\black rot003.jpg,1080,1080,295062,112.7026856112825,337.1591491699219,1
GVLiD\Black rot\black rot004.jpg,1080,1080,295062,112.7026856112825,337.1591491699219,1
GVLiD\Black rot\black rot005.jpg,1080,1080,295062,112.7026856112825,337.1591491699219,1
GVLiD\Black rot\black rot006.jpg,1080,1080,295062,112.7026856112825,337.1591491699219,1
GVLiD\Black rot\black rot007.jpg,1080,1080,295062,112.7026856112825,337.1591491699219,1
GVLiD\Black rot\black rot008.jpg,1080,1080,295062,112.7026856112825,337.1591491699219,1
GVLiD\Black rot\black rot009.jpg,1080,1080,290039,149.56040801611792,193.0774688720703,1
GVLiD\Black rot\black rot010.jpg,1080,1080,290039,149.56040801611792,193.0774688720703,1
GVLiD\Black rot\black rot011.jpg,1080,1080,290039,149.56040801611792,193.0774688720703,1
GVLiD\Black rot\black rot012.jpg,1080,1080,290039,149.56040801611792,193.0774688720703,1
GVLiD\Black rot\black rot013.jpg,1080,1080,337648,151.9523486222564,313.6741638183594,1
GVLiD\Black rot\black rot014.jpg,1080,1080,337648,151.9523486222564,313.6741638183594,1
GVLiD\Black rot\black rot015.jpg,1080,1080,337648,151.9523486222564,313.6741638183594,1
GVLiD\Black rot\black rot016.jpg,1080,1080,337648,151.9523486222564,313.6741638183594,1
GVLiD\Black rot\black rot017.jpg,1080,1080,290039,149.56040801611792,193.0774688720703,1
GVLiD\Black rot\black rot018.jpg,1080,1080,290039,149.56040801611792,193.0774688720703,1
GVLiD\Black rot\black rot019.jpg,1080,1080,337648,151.9523486222564,313.6741638183594,1
GVLiD\Black rot\black rot021.jpg,1080,1080,290039,149.56040801611792,193.0774688720703,1
GVLiD\Black rot\black rot022.jpg,1080,1080,290039,149.56040801611792,193.0774688720703,1
GVLiD\Black rot\black rot023.jpg,1080,1080,337648,151.9523486222564,313.6741638183594,1
GVLiD\Black rot\black rot024.jpg,1080,1080,337648,151.9523486222564,313.6741638183594,1
GVLiD\Black rot\black rot025.jpg,1080,1080,417610,146.6963456327161,543.5416870117188,1
GVLiD\Black rot\black rot026.jpg,1080,1080,417610,146.6963456327161,543.5416870117188,1
GVLiD\Black rot\black rot027.jpg,1080,1080,417610,146.6963456327161,543.5416870117188,1
GVLiD\Black rot\black rot028.jpg,1080,1080,417610,146.6963456327161,543.5416870117188,1
GVLiD\Black rot\black rot029.jpg,1080,1080,417610,146.6963456327161,543.5416870117188,1
GVLiD\Black rot\black rot030.jpg,1080,1080,417610,146.6963456327161,543.5416870117188,1
GVLiD\Black rot\black rot031.jpg,1080,1080,417610,146.6963456327161,543.5416870117188,1
GVLiD\Black rot\black rot032.jpg,1080,1080,417610,146.6963456327161,543.5416870117188,1
GVLiD\Black rot\black rot033.jpg,1080,1080,419021,143.44997935528116,705.08447265625,1
GVLiD\Black rot\black rot034.jpg,1080,1080,419021,143.44997935528116,705.08447265625,1
GVLiD\Black rot\black rot035.jpg,1080,1080,419021,143.44997935528116,705.08447265625,1
GVLiD\Black rot\black rot036.jpg,1080,1080,419021,143.44997935528116,705.08447265625,1
GVLiD\Black rot\black rot037.jpg,1080,1080,419021,143.44997935528116,705.08447265625,1
GVLiD\Black rot\black rot038.jpg,1080,1080,419021,143.44997935528116,705.08447265625,1
GVLiD\Black rot\black rot039.jpg,1080,1080,419021,143.44997935528116,705.08447265625,1
GVLiD\Black rot\black rot040.jpg,1080,1080,419021,143.44997935528116,705.08447265625,1
GVLiD\Black rot\black rot041.jpg,1080,1080,314801,145.96569446073389,253.12033081054688,1
GVLiD\Black rot\black rot042.jpg,1080,1080,314801,145.96569446073389,253.12033081054688,1
GVLiD\Black rot\black rot043.jpg,1080,1080,314801,145.96569446073389,253.12033081054688,1
GVLiD\Black rot\black rot044.jpg,1080,1080,314801,145.96569446073389,253.12033081054688,1
GVLiD\Black rot\black rot045.jpg,1080,1080,314801,145.96569446073389,253.12033081054688,1
GVLiD\Black rot\black rot046.jpg,1080,1080,314801,145.96569446073389,253.12033081054688,1
GVLiD\Black rot\black rot047.jpg,1080,1080,314801,145.96569446073389,253.12033081054688,1
GVLiD\Black rot\black rot048.jpg,1080,1080,314801,145.96569446073389,253.12033081054688,1
GVLiD\Black rot\black rot049.jpg,1080,1080,397254,156.28329112225651,479.30096435546875,1
GVLiD\Black rot\black rot050.jpg,1080,1080,397254,156.28329112225651,479.30096435546875,1
GVLiD\Black rot\black rot051.jpg,1080,1080,397254,156.28329112225651,479.30096435546875,1
GVLiD\Black rot\black rot052.jpg,1080,1080,397254,156.28329112225651,479.30096435546875,1
GVLiD\Black rot\black rot053.jpg,1080,1080,397254,156.28329112225651,479.30096435546875,1
GVLiD\Black rot\black rot054.jpg,1080,1080,397254,156.28329112225651,479.30096435546875,1
GVLiD\Black rot\black rot055.jpg,1080,1080,397254,156.28329112225651,479.30096435546875,1
GVLiD\Black rot\black rot056.jpg,1080,1080,397254,156.28329112225651,479.30096435546875,1
GVLiD\Black rot\black rot057.jpg,1080,1080,370259,121.59982145747594,396.55224609375,1
GVLiD\Black rot\black rot058.jpg,1080,1080,370259,121.59982145747594,396.55224609375,1
GVLiD\Black rot\black rot059.jpg,1080,1080,370259,121.59982145747594,396.55224609375,1
GVLiD\Black rot\black rot060.jpg,1080,1080,370259,121.59982145747594,396.55224609375,1
GVLiD\Black rot\black rot061.jpg,1080,1080,370259,121.59982145747594,396.55224609375,1
GVLiD\Black rot\black rot062.jpg,1080,1080,370259,121.59982145747594,396.55224609375,1
GVLiD\Black rot\black rot063.jpg,1080,1080,370259,121.59982145747594,396.55224609375,1
GVLiD\Black rot\black rot064.jpg,1080,1080,370259,121.59982145747594,396.55224609375,1
GVLiD\Black rot\black rot065.jpg,1080,1080,297269,132.16599193758563,239.66598510742188,1
GVLiD\Black rot\black rot066.jpg,1080,1080,297269,132.16599193758563,239.66598510742188,1
GVLiD\Black rot\black rot067.jpg,1080,1080,297269,132.16599193758563,239.66598510742188,1
GVLiD\Black rot\black rot068.jpg,1080,1080,297269,132.16599193758563,239.66598510742188,1
GVLiD\Black rot\black rot069.jpg,1080,1080,272572,126.17585042438272,165.03550720214844,1
GVLiD\Black rot\black rot070.jpg,1080,1080,272572,126.17585042438272,165.03550720214844,1
GVLiD\Black rot\black rot071.jpg,1080,1080,272572,126.17585042438272,165.03550720214844,1
GVLiD\Black rot\black rot072.jpg,1080,1080,272572,126.17585042438272,165.03550720214844,1
GVLiD\Black rot\black rot073.jpg,1080,1080,269244,118.08154276577508,221.4403839111328,1
GVLiD\Black rot\black rot074.jpg,1080,1080,269244,118.08154276577508,221.4403839111328,1
GVLiD\Black rot\black rot075.jpg,1080,1080,269244,118.08154276577508,221.4403839111328,1
GVLiD\Black rot\black rot076.jpg,1080,1080,269244,118.08154276577508,221.4403839111328,1
GVLiD\Black rot\black rot077.jpg,1080,1080,297269,132.16599193758563,239.66598510742188,1
GVLiD\Black rot\black rot078.jpg,1080,1080,297269,132.16599193758563,239.66598510742188,1
GVLiD\Black rot\black rot079.jpg,1080,1080,326296,121.00980548525379,327.03900146484375,1
GVLiD\Black rot\black rot080.jpg,1080,1080,326296,121.00980548525379,327.03900146484375,1
GVLiD\Black rot\black rot081.jpg,1080,1080,326296,121.00980548525379,327.03900146484375,1
GVLiD\Black rot\black rot082.jpg,1080,1080,326296,121.00980548525379,327.03900146484375,1
GVLiD\Black rot\black rot083.jpg,1080,1080,272572,126.17585042438272,165.03550720214844,1
GVLiD\Black rot\black rot084.jpg,1080,1080,272572,126.17585042438272,165.03550720214844,1
GVLiD\Black rot\black rot085.jpg,1080,1080,269244,118.08154276577508,221.4403839111328,1
GVLiD\Black rot\black rot086.jpg,1080,1080,269244,118.08154276577508,221.4403839111328,1
GVLiD\Black rot\black rot087.jpg,1080,1080,297269,132.16599193758563,239.66598510742188,1
GVLiD\Black rot\black rot088.jpg,1080,1080,326296,121.00980548525379,327.03900146484375,1
GVLiD\Black rot\black rot089.jpg,1080,1080,326296,121.00980548525379,327.03900146484375,1
GVLiD\Black rot\black rot090.jpg,1080,1080,297269,132.16599193758563,239.66598510742188,1
GVLiD\Black rot\black rot091.jpg,1080,1080,272572,126.17585042438272,165.03550720214844,1
GVLiD\Black rot\black rot092.jpg,1080,1080,272572,126.17585042438272,165.03550720214844,1
GVLiD\Black rot\black rot093.jpg,1080,1080,269244,118.08154276577508,221.4403839111328,1
GVLiD\Black rot\black rot094.jpg,1080,1080,269244,118.08154276577508,221.4403839111328,1
GVLiD\Black rot\black rot095.jpg,1080,1080,326296,121.00980548525379,327.03900146484375,1
GVLiD\Black rot\black rot096.jpg,1080,1080,326296,121.00980548525379,327.03900146484375,1
GVLiD\Black rot\black rot097.jpg,1080,1080,174199,150.530358894033,43.2703971862793,1
GVLiD\Black rot\black rot098.jpg,1080,1080,174199,150.530358894033,43.2703971862793,1
GVLiD\Black rot\black rot099.jpg,1080,1080,174199,150.530358894033,43.2703971862793,1
GVLiD\Black rot\black rot100.jpg,1080,1080,174199,150.530358894033,43.2703971862793,1
GVLiD\Black rot\black rot101.jpg,1080,1080,184481,115.87900211334016,107.02371978759766,1
GVLiD\Black rot\black rot102.jpg,1080,1080,184481,115.87900211334016,107.02371978759766,1
GVLiD\Black rot\black rot103.jpg,1080,1080,184481,115.87900211334016,107.02371978759766,1
GVLiD\Black rot\black rot104.jpg,1080,1080,184481,115.87900211334016,107.02371978759766,1
GVLiD\Black rot\black rot105.jpg,1080,1080,174199,150.530358894033,43.2703971862793,1
GVLiD\Black rot\black rot106.jpg,1080,1080,174199,150.530358894033,43.2703971862793,1
GVLiD\Black rot\black rot107.jpg,1080,1080,184481,115.87900211334016,107.02371978759766,1
GVLiD\Black rot\black rot108.jpg,1080,1080,184481,115.87900211334016,107.02371978759766,1
GVLiD\Black rot\black rot109.jpg,1080,1080,174199,150.530358894033,43.2703971862793,1
GVLiD\Black rot\black rot110.jpg,1080,1080,174199,150.530358894033,43.2703971862793,1
GVLiD\Black rot\black rot111.jpg,1080,1080,184481,115.87900211334016,107.02371978759766,1
GVLiD\Black rot\black rot112.jpg,1080,1080,184481,115.87900211334016,107.02371978759766,1
GVLiD\Black rot\black rot113.jpg,1080,1080,157689,112.78893541752403,51.708229064941406,1
GVLiD\Black rot\black rot114.jpg,1080,1080,157689,112.78893541752403,51.708229064941406,1
GVLiD\Black rot\black rot115.jpg,1080,1080,157689,112.78893541752403,51.708229064941406,1
GVLiD\Black rot\black rot116.jpg,1080,1080,157689,112.78893541752403,51.708229064941406,1
GVLiD\Black rot\black rot117.jpg,1080,1080,157689,112.78893541752403,51.708229064941406,1
GVLiD\Black rot\black rot118.jpg,1080,1080,157689,112.78893541752403,51.708229064941406,1
GVLiD\Black rot\black rot119.jpg,1080,1080,157689,112.78893541752403,51.708229064941406,1
GVLiD\Black rot\black rot120.jpg,1080,1080,157689,112.78893541752403,51.708229064941406,1
GVLiD\Black rot\black rot121.jpg,1080,1080,246550,115.14372661179698,119.94242858886719,1
GVLiD\Black rot\black rot122.jpg,1080,1080,246550,115.14372661179698,119.94242858886719,1
GVLiD\Black rot\black rot123.jpg,1080,1080,246550,115.14372661179698,119.94242858886719,1
GVLiD\Black rot\black rot124.jpg,1080,1080,246550,115.14372661179698,119.94242858886719,1
GVLiD\Black rot\black rot125.jpg,1080,1080,246550,115.14372661179698,119.94242858886719,1
GVLiD\Black rot\black rot126.jpg,1080,1080,246550,115.14372661179698,119.94242858886719,1
GVLiD\Black rot\black rot127.jpg,1080,1080,246550,115.14372661179698,119.94242858886719,1
GVLiD\Black rot\black rot128.jpg,1080,1080,246550,115.14372661179698,119.94242858886719,1
GVLiD\Black rot\black rot129.jpg,1080,1080,246550,115.14372661179698,119.94242858886719,1
GVLiD\Black rot\black rot130.jpg,1080,1080,246550,115.14372661179698,119.94242858886719,1
GVLiD\Black rot\black rot131.jpg,1080,1080,246550,115.14372661179698,119.94242858886719,1
GVLiD\Black rot\black rot132.jpg,1080,1080,246550,115.14372661179698,119.94242858886719,1
GVLiD\Black rot\black rot133.jpg,1080,1080,246550,115.14372661179698,119.94242858886719,1
GVLiD\Black rot\black rot134.jpg,1080,1080,246550,115.14372661179698,119.94242858886719,1
GVLiD\Black rot\black rot135.jpg,1080,1080,246550,115.14372661179698,119.94242858886719,1
GVLiD\Black rot\black rot136.jpg,1080,1080,246550,115.14372661179698,119.94242858886719,1
GVLiD\Black rot\black rot137.jpg,1080,1080,193897,152.65443991855275,86.20852661132812,1
GVLiD\Black rot\black rot138.jpg,1080,1080,193897,152.65443991855275,86.20852661132812,1
GVLiD\Black rot\black rot139.jpg,1080,1080,193897,152.65443991855275,86.20852661132812,1
GVLiD\Black rot\black rot140.jpg,1080,1080,193897,152.65443991855275,86.20852661132812,1
GVLiD\Black rot\black rot141.jpg,1080,1080,193897,152.65443991855275,86.20852661132812,1
GVLiD\Black rot\black rot142.jpg,1080,1080,193897,152.65443991855275,86.20852661132812,1
GVLiD\Black rot\black rot143.jpg,1080,1080,193897,152.65443991855275,86.20852661132812,1
GVLiD\Black rot\black rot144.jpg,1080,1080,193897,152.65443991855275,86.20852661132812,1
GVLiD\Black rot\black rot145.jpg,1080,1080,293989,91.95425065586421,303.29046630859375,1
GVLiD\Black rot\black rot146.jpg,1080,1080,293989,91.95425065586421,303.29046630859375,1
GVLiD\Black rot\black rot147.jpg,1080,1080,293989,91.95425065586421,303.29046630859375,1
GVLiD\Black rot\black rot148.jpg,1080,1080,293989,91.95425065586421,303.29046630859375,1
GVLiD\Black rot\black rot149.jpg,1080,1080,293989,91.95425065586421,303.29046630859375,1
GVLiD\Black rot\black rot150.jpg,1080,1080,293989,91.95425065586421,303.29046630859375,1
GVLiD\Black rot\black rot151.jpg,1080,1080,293989,91.95425065586421,303.29046630859375,1
GVLiD\Black rot\black rot152.jpg,1080,1080,293989,91.95425065586421,303.29046630859375,1
GVLiD\Black rot\black rot153.jpg,1080,1080,220740,134.57111113254467,124.54505920410156,1
GVLiD\Black rot\black rot154.jpg,1080,1080,220740,134.57111113254467,124.54505920410156,1
GVLiD\Black rot\black rot155.jpg,1080,1080,220740,134.57111113254467,124.54505920410156,1
GVLiD\Black rot\black rot156.jpg,1080,1080,220740,134.57111113254467,124.54505920410156,1
GVLiD\Black rot\black rot157.jpg,1080,1080,220740,134.57111113254467,124.54505920410156,1
GVLiD\Black rot\black rot158.jpg,1080,1080,220740,134.57111113254467,124.54505920410156,1
GVLiD\Black rot\black rot159.jpg,1080,1080,281904,147.41106257030185,343.57159423828125,1
GVLiD\Black rot\black rot160.jpg,1080,1080,281904,147.41106257030185,343.57159423828125,1
GVLiD\Black rot\black rot161.jpg,1080,1080,281904,147.41106257030185,343.57159423828125,1
GVLiD\Black rot\black rot162.jpg,1080,1080,281904,147.41106257030185,343.57159423828125,1
GVLiD\Black rot\black rot163.jpg,1080,1080,252815,124.66295543638547,197.6945343017578,1
GVLiD\Black rot\black rot164.jpg,1080,1080,252815,124.66295543638547,197.6945343017578,1
GVLiD\Black rot\black rot165.jpg,1080,1080,252815,124.66295543638547,197.6945343017578,1
GVLiD\Black rot\black rot166.jpg,1080,1080,252815,124.66295543638547,197.6945343017578,1
GVLiD\Black rot\black rot167.jpg,1080,1080,220740,134.57111113254467,124.54505920410156,1
GVLiD\Black rot\black rot168.jpg,1080,1080,281904,147.41106257030185,343.57159423828125,1
GVLiD\Black rot\black rot169.jpg,1080,1080,258101,147.6805414789095,173.9358673095703,1
GVLiD\Black rot\black rot170.jpg,1080,1080,258101,147.6805414789095,173.9358673095703,1
GVLiD\Black rot\black rot171.jpg,1080,1080,258101,147.6805414789095,173.9358673095703,1
GVLiD\Black rot\black rot172.jpg,1080,1080,258101,147.6805414789095,173.9358673095703,1
GVLiD\Black rot\black rot173.jpg,1080,1080,281904,147.41106257030185,343.57159423828125,1
GVLiD\Black rot\black rot174.jpg,1080,1080,252815,124.66295543638547,197.6945343017578,1
GVLiD\Black rot\black rot175.jpg,1080,1080,252815,124.66295543638547,197.6945343017578,1
GVLiD\Black rot\black rot176.jpg,1080,1080,258101,147.6805414789095,173.9358673095703,1
GVLiD\Black rot\black rot177.jpg,1080,1080,281904,147.41106257030185,343.57159423828125,1
GVLiD\Black rot\black rot178.jpg,1080,1080,220740,134.57111113254467,124.54505920410156,1
GVLiD\Black rot\black rot179.jpg,1080,1080,281475,159.33767500342938,248.65399169921875,1
GVLiD\Black rot\black rot180.jpg,1080,1080,281475,159.33767500342938,248.65399169921875,1
GVLiD\Black rot\black rot181.jpg,1080,1080,281475,159.33767500342938,248.65399169921875,1
GVLiD\Black rot\black rot182.jpg,1080,1080,281475,159.33767500342938,248.65399169921875,1
GVLiD\Black rot\black rot183.jpg,1080,1080,281475,159.33767500342938,248.65399169921875,1
GVLiD\Black rot\black rot184.jpg,1080,1080,281475,159.33767500342938,248.65399169921875,1
GVLiD\Black rot\black rot185.jpg,1080,1080,281475,159.33767500342938,248.65399169921875,1
GVLiD\Black rot\black rot186.jpg,1080,1080,281475,159.33767500342938,248.65399169921875,1
GVLiD\Black rot\black rot187.jpg,1080,1080,281475,159.33767500342938,248.65399169921875,1
GVLiD\Black rot\black rot188.jpg,1080,1080,281475,159.33767500342938,248.65399169921875,1
GVLiD\Black rot\black rot189.jpg,1080,1080,281475,159.33767500342938,248.65399169921875,1
GVLiD\Black rot\black rot190.jpg,1080,1080,281475,159.33767500342938,248.65399169921875,1
GVLiD\Black rot\black rot191.jpg,1080,1080,258101,147.6805414789095,173.9358673095703,1
GVLiD\Black rot\black rot192.jpg,1080,1080,281904,147.41106257030185,343.57159423828125,1
GVLiD\Black rot\black rot193.jpg,1080,1080,252815,124.66295543638547,197.6945343017578,1
GVLiD\Black rot\black rot194.jpg,1080,1080,252815,124.66295543638547,197.6945343017578,1
GVLiD\Black rot\black rot195.jpg,1080,1080,218734,130.39431481395752,173.45864868164062,1
GVLiD\Black rot\black rot196.jpg,1080,1080,218734,130.39431481395752,173.45864868164062,1
GVLiD\Black rot\black rot197.jpg,1080,1080,218734,130.39431481395752,173.45864868164062,1
GVLiD\Black rot\black rot198.jpg,1080,1080,218734,130.39431481395752,173.45864868164062,1
GVLiD\Black rot\black rot199.jpg,1080,1080,293226,118.81367804869684,313.2637939453125,1
GVLiD\Black rot\black rot200.jpg,1080,1080,293226,118.81367804869684,313.2637939453125,1
GVLiD\Black rot\black rot201.jpg,1080,1080,293226,118.81367804869684,313.2637939453125,1
GVLiD\Black rot\black rot202.jpg,1080,1080,293226,118.81367804869684,313.2637939453125,1
GVLiD\Black rot\black rot203.jpg,1080,1080,318997,108.69795176611797,407.1983642578125,1
GVLiD\Black rot\black rot204.jpg,1080,1080,318997,108.69795176611797,407.1983642578125,1
GVLiD\Black rot\black rot205.jpg,1080,1080,318997,108.69795176611797,407.1983642578125,1
GVLiD\Black rot\black rot206.jpg,1080,1080,318997,108.69795176611797,407.1983642578125,1
GVLiD\Black rot\black rot207.jpg,1080,1080,258101,147.6805414789095,173.9358673095703,1
GVLiD\Black rot\black rot208.jpg,1080,1080,218734,130.39431481395752,173.45864868164062,1
GVLiD\Black rot\black rot209.jpg,1080,1080,259289,152.59620964934845,225.13560485839844,1
GVLiD\Black rot\black rot210.jpg,1080,1080,259289,152.59620964934845,225.13560485839844,1
GVLiD\Black rot\black rot211.jpg,1080,1080,259289,152.59620964934845,225.13560485839844,1
GVLiD\Black rot\black rot212.jpg,1080,1080,259289,152.59620964934845,225.13560485839844,1
GVLiD\Black rot\black rot213.jpg,1080,1080,281475,159.33767500342938,248.65399169921875,1
GVLiD\Black rot\black rot214.jpg,1080,1080,293226,118.81367804869684,313.2637939453125,1
GVLiD\Black rot\black rot215.jpg,1080,1080,281475,159.33767500342938,248.65399169921875,1
GVLiD\Black rot\black rot216.jpg,1080,1080,318997,108.69795176611797,407.1983642578125,1
GVLiD\Black rot\black rot217.jpg,1080,1080,290947,151.62340156635813,315.2520751953125,1
GVLiD\Black rot\black rot218.jpg,1080,1080,290947,151.62340156635813,315.2520751953125,1
GVLiD\Black rot\black rot219.jpg,1080,1080,290947,151.62340156635813,315.2520751953125,1
GVLiD\Black rot\black rot220.jpg,1080,1080,290947,151.62340156635813,315.2520751953125,1
GVLiD\Black rot\black rot221.jpg,1080,1080,248847,106.38243016460909,233.9556121826172,1
GVLiD\Black rot\black rot222.jpg,1080,1080,248847,106.38243016460909,233.9556121826172,1
GVLiD\Black rot\black rot223.jpg,1080,1080,248847,106.38243016460909,233.9556121826172,1
GVLiD\Black rot\black rot224.jpg,1080,1080,248847,106.38243016460909,233.9556121826172,1
GVLiD\Black rot\black rot225.jpg,1080,1080,295846,114.35463402606312,235.17333984375,1
GVLiD\Black rot\black rot226.jpg,1080,1080,295846,114.35463402606312,235.17333984375,1
GVLiD\Black rot\black rot227.jpg,1080,1080,295846,114.35463402606312,235.17333984375,1
GVLiD\Black rot\black rot228.jpg,1080,1080,295846,114.35463402606312,235.17333984375,1
GVLiD\Black rot\black rot229.jpg,1080,1080,281475,159.33767500342938,248.65399169921875,1
GVLiD\Black rot\black rot230.jpg,1080,1080,259289,152.59620964934845,225.13560485839844,1
GVLiD\Black rot\black rot231.jpg,1080,1080,218734,130.39431481395752,173.45864868164062,1
GVLiD\Black rot\black rot232.jpg,1080,1080,290947,151.62340156635813,315.2520751953125,1
GVLiD\Black rot\black rot233.jpg,1080,1080,236310,153.19522320644725,159.85195922851562,1
GVLiD\Black rot\black rot234.jpg,1080,1080,236310,153.19522320644725,159.85195922851562,1
GVLiD\Black rot\black rot235.jpg,1080,1080,236310,153.19522320644725,159.85195922851562,1
GVLiD\Black rot\black rot236.jpg,1080,1080,236310,153.19522320644725,159.85195922851562,1
GVLiD\Black rot\black rot237.jpg,1080,1080,240858,145.06088441186557,199.4669647216797,1
GVLiD\Black rot\black rot238.jpg,1080,1080,240858,145.06088441186557,199.4669647216797,1
GVLiD\Black rot\black rot239.jpg,1080,1080,240858,145.06088441186557,199.4669647216797,1
GVLiD\Black rot\black rot240.jpg,1080,1080,240858,145.06088441186557,199.4669647216797,1
GVLiD\Black rot\black rot241.jpg,1080,1080,293226,118.81367804869684,313.2637939453125,1
GVLiD\Black rot\black rot242.jpg,1080,1080,248847,106.38243016460909,233.9556121826172,1
GVLiD\Black rot\black rot243.jpg,1080,1080,260473,142.8894006498628,223.60003662109375,1
GVLiD\Black rot\black rot244.jpg,1080,1080,260473,142.8894006498628,223.60003662109375,1
GVLiD\Black rot\black rot245.jpg,1080,1080,260473,142.8894006498628,223.60003662109375,1
GVLiD\Black rot\black rot246.jpg,1080,1080,260473,142.8894006498628,223.60003662109375,1
GVLiD\Black rot\black rot247.jpg,1080,1080,318997,108.69795176611797,407.1983642578125,1
GVLiD\Black rot\black rot248.jpg,1080,1080,295846,114.35463402606312,235.17333984375,1
GVLiD\Black rot\black rot249.jpg,1080,1080,218734,130.39431481395752,173.45864868164062,1
GVLiD\Black rot\black rot250.jpg,1080,1080,236310,153.19522320644725,159.85195922851562,1
GVLiD\Black rot\black rot251.jpg,1080,1080,259289,152.59620964934845,225.13560485839844,1
GVLiD\Black rot\black rot252.jpg,1080,1080,240858,145.06088441186557,199.4669647216797,1
GVLiD\Black rot\black rot253.jpg,1080,1080,293226,118.81367804869684,313.2637939453125,1
GVLiD\Black rot\black rot254.jpg,1080,1080,260473,142.8894006498628,223.60003662109375,1
GVLiD\Black rot\black rot255.jpg,1080,1080,318997,108.69795176611797,407.1983642578125,1
GVLiD\Black rot\black rot256.jpg,1080,1080,258101,147.6805414789095,173.9358673095703,1
GVLiD\Black rot\black rot257.jpg,1080,1080,290947,151.62340156635813,315.2520751953125,1
GVLiD\Black rot\black rot258.jpg,1080,1080,281475,159.33767500342938,248.65399169921875,1
GVLiD\Black rot\black rot259.jpg,1080,1080,248847,106.38243016460909,233.9556121826172,1
GVLiD\Black rot\black rot260.jpg,1080,1080,218734,130.39431481395752,173.45864868164062,1
GVLiD\Black rot\black rot261.jpg,1080,1080,295846,114.35463402606312,235.17333984375,1
GVLiD\Black rot\black rot262.jpg,1080,1080,293226,118.81367804869684,313.2637939453125,1
GVLiD\Black rot\black rot263.jpg,1080,1080,259289,152.59620964934845,225.13560485839844,1
GVLiD\Black rot\black rot264.jpg,1080,1080,318997,108.69795176611797,407.1983642578125,1
GVLiD\Black rot\black rot265.jpg,1080,1080,290947,151.62340156635813,315.2520751953125,1
GVLiD\Black rot\black rot266.jpg,1080,1080,259289,152.59620964934845,225.13560485839844,1
GVLiD\Black rot\black rot267.jpg,1080,1080,236310,153.19522320644725,159.85195922851562,1
GVLiD\Black rot\black rot268.jpg,1080,1080,290947,151.62340156635813,315.2520751953125,1
GVLiD\Black rot\black rot269.jpg,1080,1080,324514,130.850581348594,387.7608337402344,1
GVLiD\Black rot\black rot270.jpg,1080,1080,324514,130.850581348594,387.7608337402344,1
GVLiD\Black rot\black rot271.jpg,1080,1080,324514,130.850581348594,387.7608337402344,1
GVLiD\Black rot\black rot272.jpg,1080,1080,324514,130.850581348594,387.7608337402344,1
GVLiD\Black rot\black rot273.jpg,1080,1080,240858,145.06088441186557,199.4669647216797,1
GVLiD\Black rot\black rot274.jpg,1080,1080,324514,130.850581348594,387.7608337402344,1
GVLiD\Black rot\black rot275.jpg,1080,1080,248847,106.38243016460909,233.9556121826172,1
GVLiD\Black rot\black rot276.jpg,1080,1080,248847,106.38243016460909,233.9556121826172,1
GVLiD\Black rot\black rot277.jpg,1080,1080,260473,142.8894006498628,223.60003662109375,1
GVLiD\Black rot\black rot278.jpg,1080,1080,295846,114.35463402606312,235.17333984375,1
GVLiD\Black rot\black rot279.jpg,1080,1080,295846,114.35463402606312,235.17333984375,1
GVLiD\Black rot\black rot280.jpg,1080,1080,236310,153.19522320644725,159.85195922851562,1
GVLiD\Black rot\black rot281.jpg,1080,1080,236310,153.19522320644725,159.85195922851562,1
GVLiD\Black rot\black rot282.jpg,1080,1080,240858,145.06088441186557,199.4669647216797,1
GVLiD\Black rot\black rot283.jpg,1080,1080,240858,145.06088441186557,199.4669647216797,1
GVLiD\Black rot\black rot284.jpg,1080,1080,260473,142.8894006498628,223.60003662109375,1
GVLiD\Black rot\black rot285.jpg,1080,1080,260855,128.91914532750337,224.4879913330078,1
GVLiD\Black rot\black rot286.jpg,1080,1080,260855,128.91914532750337,224.4879913330078,1
GVLiD\Black rot\black rot287.jpg,1080,1080,260855,128.91914532750337,224.4879913330078,1
GVLiD\Black rot\black rot288.jpg,1080,1080,260855,128.91914532750337,224.4879913330078,1
GVLiD\Black rot\black rot289.jpg,1080,1080,260473,142.8894006498628,223.60003662109375,1
GVLiD\Black rot\black rot290.jpg,1080,1080,260855,128.91914532750337,224.4879913330078,1
GVLiD\Black rot\black rot291.jpg,1080,1080,254890,162.22057437414276,182.46971130371094,1
GVLiD\Black rot\black rot292.jpg,1080,1080,254890,162.22057437414276,182.46971130371094,1
GVLiD\Black rot\black rot293.jpg,1080,1080,254890,162.22057437414276,182.46971130371094,1
GVLiD\Black rot\black rot294.jpg,1080,1080,254890,162.22057437414276,182.46971130371094,1
GVLiD\Black rot\black rot295.jpg,1080,1080,240161,147.67393873628265,183.6153106689453,1
GVLiD\Black rot\black rot296.jpg,1080,1080,240161,147.67393873628265,183.6153106689453,1
GVLiD\Black rot\black rot297.jpg,1080,1080,240161,147.67393873628265,183.6153106689453,1
GVLiD\Black rot\black rot298.jpg,1080,1080,240161,147.67393873628265,183.6153106689453,1
GVLiD\Black rot\black rot299.jpg,1080,1080,324514,130.850581348594,387.7608337402344,1
GVLiD\Black rot\black rot300.jpg,1080,1080,254890,162.22057437414276,182.46971130371094,1
GVLiD\Black rot\black rot301.jpg,1080,1080,324514,130.850581348594,387.7608337402344,1
GVLiD\Black rot\black rot302.jpg,1080,1080,240161,147.67393873628265,183.6153106689453,1
GVLiD\Black rot\black rot303.jpg,1080,1080,260855,128.91914532750337,224.4879913330078,1
GVLiD\Black rot\black rot304.jpg,1080,1080,324514,130.850581348594,387.7608337402344,1
GVLiD\Black rot\black rot305.jpg,1080,1080,260855,128.91914532750337,224.4879913330078,1
GVLiD\Black rot\black rot306.jpg,1080,1080,260855,128.91914532750337,224.4879913330078,1
GVLiD\Black rot\black rot307.jpg,1080,1080,259781,82.96740683556244,177.14764404296875,1
GVLiD\Black rot\black rot308.jpg,1080,1080,259781,82.96740683556244,177.14764404296875,1
GVLiD\Black rot\black rot309.jpg,1080,1080,259781,82.96740683556244,177.14764404296875,1
GVLiD\Black rot\black rot310.jpg,1080,1080,259781,82.96740683556244,177.14764404296875,1
GVLiD\Black rot\black rot311.jpg,1080,1080,300477,154.21793742455424,353.7420959472656,1
GVLiD\Black rot\black rot312.jpg,1080,1080,300477,154.21793742455424,353.7420959472656,1
GVLiD\Black rot\black rot313.jpg,1080,1080,300477,154.21793742455424,353.7420959472656,1
GVLiD\Black rot\black rot314.jpg,1080,1080,300477,154.21793742455424,353.7420959472656,1
GVLiD\Black rot\black rot315.jpg,1080,1080,254890,162.22057437414276,182.46971130371094,1
GVLiD\Black rot\black rot316.jpg,1080,1080,259781,82.96740683556244,177.14764404296875,1
GVLiD\Black rot\black rot317.jpg,1080,1080,240161,147.67393873628265,183.6153106689453,1
GVLiD\Black rot\black rot318.jpg,1080,1080,300477,154.21793742455424,353.7420959472656,1
GVLiD\Black rot\black rot319.jpg,1080,1080,254890,162.22057437414276,182.46971130371094,1
GVLiD\Black rot\black rot320.jpg,1080,1080,254890,162.22057437414276,182.46971130371094,1
GVLiD\Black rot\black rot321.jpg,1080,1080,306724,120.43983527692045,279.9241638183594,1
GVLiD\Black rot\black rot322.jpg,1080,1080,306724,120.43983527692045,279.9241638183594,1
GVLiD\Black rot\black rot323.jpg,1080,1080,306724,120.43983527692045,279.9241638183594,1
GVLiD\Black rot\black rot324.jpg,1080,1080,306724,120.43983527692045,279.9241638183594,1
GVLiD\Black rot\black rot325.jpg,1080,1080,279709,119.10567692558305,266.8484802246094,1
GVLiD\Black rot\black rot326.jpg,1080,1080,279709,119.10567692558305,266.8484802246094,1
GVLiD\Black rot\black rot327.jpg,1080,1080,279709,119.10567692558305,266.8484802246094,1
GVLiD\Black rot\black rot328.jpg,1080,1080,279709,119.10567692558305,266.8484802246094,1
GVLiD\Black rot\black rot329.jpg,1080,1080,240161,147.67393873628265,183.6153106689453,1
GVLiD\Black rot\black rot330.jpg,1080,1080,306724,120.43983527692045,279.9241638183594,1
GVLiD\Black rot\black rot331.jpg,1080,1080,259781,82.96740683556244,177.14764404296875,1
GVLiD\Black rot\black rot332.jpg,1080,1080,279709,119.10567692558305,266.8484802246094,1
GVLiD\Black rot\black rot333.jpg,1080,1080,292842,156.60634093021267,330.5154724121094,1
GVLiD\Black rot\black rot334.jpg,1080,1080,292842,156.60634093021267,330.5154724121094,1
GVLiD\Black rot\black rot335.jpg,1080,1080,292842,156.60634093021267,330.5154724121094,1
GVLiD\Black rot\black rot336.jpg,1080,1080,292842,156.60634093021267,330.5154724121094,1
GVLiD\Black rot\black rot337.jpg,1080,1080,215141,146.52019372685186,255.80746459960938,1
GVLiD\Black rot\black rot338.jpg,1080,1080,215141,146.52019372685186,255.80746459960938,1
GVLiD\Black rot\black rot339.jpg,1080,1080,215141,146.52019372685186,255.80746459960938,1
GVLiD\Black rot\black rot340.jpg,1080,1080,215141,146.52019372685186,255.80746459960938,1
GVLiD\Black rot\black rot341.jpg,1080,1080,280367,155.33042025805918,254.12078857421875,1
GVLiD\Black rot\black rot342.jpg,1080,1080,280367,155.33042025805918,254.12078857421875,1
GVLiD\Black rot\black rot343.jpg,1080,1080,280367,155.33042025805918,254.12078857421875,1
GVLiD\Black rot\black rot344.jpg,1080,1080,280367,155.33042025805918,254.12078857421875,1
GVLiD\Black rot\black rot345.jpg,1080,1080,279833,160.60183477194792,248.1084442138672,1
GVLiD\Black rot\black rot346.jpg,1080,1080,279833,160.60183477194792,248.1084442138672,1
GVLiD\Black rot\black rot347.jpg,1080,1080,279833,160.60183477194792,248.1084442138672,1
GVLiD\Black rot\black rot348.jpg,1080,1080,279833,160.60183477194792,248.1084442138672,1
GVLiD\Black rot\black rot349.jpg,1080,1080,324371,154.85733234653634,361.8600769042969,1
GVLiD\Black rot\black rot350.jpg,1080,1080,324371,154.85733234653634,361.8600769042969,1
GVLiD\Black rot\black rot351.jpg,1080,1080,324371,154.85733234653634,361.8600769042969,1
GVLiD\Black rot\black rot352.jpg,1080,1080,324371,154.85733234653634,361.8600769042969,1
GVLiD\Black rot\black rot353.jpg,1080,1080,234796,111.84033890089165,125.6778564453125,1
GVLiD\Black rot\black rot354.jpg,1080,1080,234796,111.84033890089165,125.6778564453125,1
GVLiD\Black rot\black rot355.jpg,1080,1080,234796,111.84033890089165,125.6778564453125,1
GVLiD\Black rot\black rot356.jpg,1080,1080,234796,111.84033890089165,125.6778564453125,1
GVLiD\Black rot\black rot357.jpg,1080,1080,300477,154.21793742455424,353.7420959472656,1
GVLiD\Black rot\black rot358.jpg,1080,1080,292842,156.60634093021267,330.5154724121094,1
GVLiD\Black rot\black rot359.jpg,1080,1080,298971,145.45387250514406,295.858642578125,1
GVLiD\Black rot\black rot360.jpg,1080,1080,298971,145.45387250514406,295.858642578125,1
GVLiD\Black rot\black rot361.jpg,1080,1080,298971,145.45387250514406,295.858642578125,1
GVLiD\Black rot\black rot362.jpg,1080,1080,298971,145.45387250514406,295.858642578125,1
GVLiD\Black rot\black rot363.jpg,1080,1080,259781,82.96740683556244,177.14764404296875,1
GVLiD\Black rot\black rot364.jpg,1080,1080,215141,146.52019372685186,255.80746459960938,1
GVLiD\Black rot\black rot365.jpg,1080,1080,300477,154.21793742455424,353.7420959472656,1
GVLiD\Black rot\black rot366.jpg,1080,1080,280367,155.33042025805918,254.12078857421875,1
GVLiD\Black rot\black rot367.jpg,1080,1080,306724,120.43983527692045,279.9241638183594,1
GVLiD\Black rot\black rot368.jpg,1080,1080,279833,160.60183477194792,248.1084442138672,1
GVLiD\Black rot\black rot369.jpg,1080,1080,232498,160.77877591906727,159.17501831054688,1
GVLiD\Black rot\black rot370.jpg,1080,1080,232498,160.77877591906727,159.17501831054688,1
GVLiD\Black rot\black rot371.jpg,1080,1080,232498,160.77877591906727,159.17501831054688,1
GVLiD\Black rot\black rot372.jpg,1080,1080,232498,160.77877591906727,159.17501831054688,1
GVLiD\Black rot\black rot373.jpg,1080,1080,280171,104.26955459362135,267.3654479980469,1
GVLiD\Black rot\black rot374.jpg,1080,1080,280171,104.26955459362135,267.3654479980469,1
GVLiD\Black rot\black rot375.jpg,1080,1080,280171,104.26955459362135,267.3654479980469,1
GVLiD\Black rot\black rot376.jpg,1080,1080,280171,104.26955459362135,267.3654479980469,1
GVLiD\Black rot\black rot377.jpg,1080,1080,238776,143.2221455341221,222.40328979492188,1
GVLiD\Black rot\black rot378.jpg,1080,1080,238776,143.2221455341221,222.40328979492188,1
GVLiD\Black rot\black rot379.jpg,1080,1080,238776,143.2221455341221,222.40328979492188,1
GVLiD\Black rot\black rot380.jpg,1080,1080,238776,143.2221455341221,222.40328979492188,1
GVLiD\Black rot\black rot381.jpg,1080,1080,275017,129.65803318758574,229.12350463867188,1
GVLiD\Black rot\black rot382.jpg,1080,1080,275017,129.65803318758574,229.12350463867188,1
GVLiD\Black rot\black rot383.jpg,1080,1080,275017,129.65803318758574,229.12350463867188,1
GVLiD\Black rot\black rot384.jpg,1080,1080,275017,129.65803318758574,229.12350463867188,1
GVLiD\Black rot\black rot385.jpg,1080,1080,245440,126.86768441786698,184.65696716308594,1
GVLiD\Black rot\black rot386.jpg,1080,1080,245440,126.86768441786698,184.65696716308594,1
GVLiD\Black rot\black rot387.jpg,1080,1080,245440,126.86768441786698,184.65696716308594,1
GVLiD\Black rot\black rot388.jpg,1080,1080,245440,126.86768441786698,184.65696716308594,1
GVLiD\Black rot\black rot389.jpg,1080,1080,278576,115.12227060013717,308.16241455078125,1
GVLiD\Black rot\black rot390.jpg,1080,1080,278576,115.12227060013717,308.16241455078125,1
GVLiD\Black rot\black rot391.jpg,1080,1080,278576,115.12227060013717,308.16241455078125,1
GVLiD\Black rot\black rot392.jpg,1080,1080,278576,115.12227060013717,308.16241455078125,1
GVLiD\Black rot\black rot393.jpg,1080,1080,327218,122.68423843106999,435.4933776855469,1
GVLiD\Black rot\black rot394.jpg,1080,1080,327218,122.68423843106999,435.4933776855469,1
GVLiD\Black rot\black rot395.jpg,1080,1080,327218,122.68423843106999,435.4933776855469,1
GVLiD\Black rot\black rot396.jpg,1080,1080,327218,122.68423843106999,435.4933776855469,1
GVLiD\Black rot\black rot397.jpg,1080,1080,221232,140.06017261145402,207.77076721191406,1
GVLiD\Black rot\black rot398.jpg,1080,1080,221232,140.06017261145402,207.77076721191406,1
GVLiD\Black rot\black rot399.jpg,1080,1080,221232,140.06017261145402,207.77076721191406,1
GVLiD\Black rot\black rot400.jpg,1080,1080,221232,140.06017261145402,207.77076721191406,1
GVLiD\Black rot\black rot401.jpg,1080,1080,279709,119.10567692558305,266.8484802246094,1
GVLiD\Black rot\black rot402.jpg,1080,1080,324371,154.85733234653634,361.8600769042969,1
GVLiD\Black rot\black rot403.jpg,1080,1080,274254,150.58467199759943,261.3173828125,1
GVLiD\Black rot\black rot404.jpg,1080,1080,274254,150.58467199759943,261.3173828125,1
GVLiD\Black rot\black rot405.jpg,1080,1080,274254,150.58467199759943,261.3173828125,1
GVLiD\Black rot\black rot406.jpg,1080,1080,274254,150.58467199759943,261.3173828125,1
GVLiD\Black rot\black rot407.jpg,1080,1080,238964,145.25033907493147,175.20335388183594,1
GVLiD\Black rot\black rot408.jpg,1080,1080,238964,145.25033907493147,175.20335388183594,1
GVLiD\Black rot\black rot409.jpg,1080,1080,238964,145.25033907493147,175.20335388183594,1
GVLiD\Black rot\black rot410.jpg,1080,1080,238964,145.25033907493147,175.20335388183594,1
GVLiD\Black rot\black rot411.jpg,1080,1080,279862,146.87449772548004,267.85302734375,1
GVLiD\Black rot\black rot412.jpg,1080,1080,279862,146.87449772548004,267.85302734375,1
GVLiD\Black rot\black rot413.jpg,1080,1080,279862,146.87449772548004,267.85302734375,1
GVLiD\Black rot\black rot414.jpg,1080,1080,279862,146.87449772548004,267.85302734375,1
GVLiD\Black rot\black rot415.jpg,1080,1080,265529,127.19351882115913,268.3813171386719,1
GVLiD\Black rot\black rot416.jpg,1080,1080,265529,127.19351882115913,268.3813171386719,1
GVLiD\Black rot\black rot417.jpg,1080,1080,265529,127.19351882115913,268.3813171386719,1
GVLiD\Black rot\black rot418.jpg,1080,1080,265529,127.19351882115913,268.3813171386719,1
GVLiD\Black rot\black rot419.jpg,1080,1080,279890,124.10602791838126,245.14205932617188,1
GVLiD\Black rot\black rot420.jpg,1080,1080,279890,124.10602791838126,245.14205932617188,1
GVLiD\Black rot\black rot421.jpg,1080,1080,279890,124.10602791838126,245.14205932617188,1
GVLiD\Black rot\black rot422.jpg,1080,1080,279890,124.10602791838126,245.14205932617188,1
GVLiD\Black rot\black rot423.jpg,1080,1080,257175,149.144943294753,394.92706298828125,1
GVLiD\Black rot\black rot424.jpg,1080,1080,257175,149.144943294753,394.92706298828125,1
GVLiD\Black rot\black rot425.jpg,1080,1080,257175,149.144943294753,394.92706298828125,1
GVLiD\Black rot\black rot426.jpg,1080,1080,257175,149.144943294753,394.92706298828125,1
GVLiD\Black rot\black rot427.jpg,1080,1080,217735,156.74513875600132,243.3787384033203,1
GVLiD\Black rot\black rot428.jpg,1080,1080,217735,156.74513875600132,243.3787384033203,1
GVLiD\Black rot\black rot429.jpg,1080,1080,217735,156.74513875600132,243.3787384033203,1
GVLiD\Black rot\black rot430.jpg,1080,1080,217735,156.74513875600132,243.3787384033203,1
GVLiD\Black rot\black rot431.jpg,1080,1080,274406,139.40436300240054,309.8828125,1
GVLiD\Black rot\black rot432.jpg,1080,1080,274406,139.40436300240054,309.8828125,1
GVLiD\Black rot\black rot433.jpg,1080,1080,274406,139.40436300240054,309.8828125,1
GVLiD\Black rot\black rot434.jpg,1080,1080,274406,139.40436300240054,309.8828125,1
GVLiD\Black rot\black rot435.jpg,1080,1080,306724,120.43983527692045,279.9241638183594,1
GVLiD\Black rot\black rot436.jpg,1080,1080,234796,111.84033890089165,125.6778564453125,1
GVLiD\Black rot\black rot437.jpg,1080,1080,279709,119.10567692558305,266.8484802246094,1
GVLiD\Black rot\black rot438.jpg,1080,1080,298971,145.45387250514406,295.858642578125,1
GVLiD\Black rot\black rot439.jpg,1080,1080,292842,156.60634093021267,330.5154724121094,1
GVLiD\Black rot\black rot440.jpg,1080,1080,232498,160.77877591906727,159.17501831054688,1
GVLiD\Black rot\black rot441.jpg,1080,1080,215141,146.52019372685186,255.80746459960938,1
GVLiD\Black rot\black rot442.jpg,1080,1080,280171,104.26955459362135,267.3654479980469,1
GVLiD\Black rot\black rot443.jpg,1080,1080,237586,118.99746032493138,203.1234893798828,1
GVLiD\Black rot\black rot444.jpg,1080,1080,237586,118.99746032493138,203.1234893798828,1
GVLiD\Black rot\black rot445.jpg,1080,1080,237586,118.99746032493138,203.1234893798828,1
GVLiD\Black rot\black rot446.jpg,1080,1080,237586,118.99746032493138,203.1234893798828,1
GVLiD\Black rot\black rot447.jpg,1080,1080,237586,118.99746032493138,203.1234893798828,1
GVLiD\Black rot\black rot448.jpg,1080,1080,237586,118.99746032493138,203.1234893798828,1
GVLiD\Black rot\black rot449.jpg,1080,1080,237586,118.99746032493138,203.1234893798828,1
GVLiD\Black rot\black rot450.jpg,1080,1080,238776,143.2221455341221,222.40328979492188,1
GVLiD\Black rot\black rot451.jpg,1080,1080,238776,143.2221455341221,222.40328979492188,1
GVLiD\Black rot\black rot452.jpg,1080,1080,275017,129.65803318758574,229.12350463867188,1
GVLiD\Black rot\black rot453.jpg,1080,1080,275017,129.65803318758574,229.12350463867188,1
GVLiD\Black rot\black rot454.jpg,1080,1080,245440,126.86768441786698,184.65696716308594,1
GVLiD\Black rot\black rot455.jpg,1080,1080,245440,126.86768441786698,184.65696716308594,1
GVLiD\Black rot\black rot456.jpg,1080,1080,278576,115.12227060013717,308.16241455078125,1
GVLiD\Black rot\black rot457.jpg,1080,1080,252872,117.96605184585053,185.22987365722656,1
GVLiD\Black rot\black rot458.jpg,1080,1080,252872,117.96605184585053,185.22987365722656,1
GVLiD\Black rot\black rot459.jpg,1080,1080,252872,117.96605184585053,185.22987365722656,1
GVLiD\Black rot\black rot460.jpg,1080,1080,252872,117.96605184585053,185.22987365722656,1
GVLiD\Black rot\black rot461.jpg,1080,1080,264068,138.1958276080247,231.85476684570312,1
GVLiD\Black rot\black rot462.jpg,1080,1080,264068,138.1958276080247,231.85476684570312,1
GVLiD\Black rot\black rot463.jpg,1080,1080,264068,138.1958276080247,231.85476684570312,1
GVLiD\Black rot\black rot464.jpg,1080,1080,264068,138.1958276080247,231.85476684570312,1
GVLiD\Black rot\black rot465.jpg,1080,1080,238207,144.98139984053498,221.07894897460938,1
GVLiD\Black rot\black rot466.jpg,1080,1080,238207,144.98139984053498,221.07894897460938,1
GVLiD\Black rot\black rot467.jpg,1080,1080,238207,144.98139984053498,221.07894897460938,1
GVLiD\Black rot\black rot468.jpg,1080,1080,238207,144.98139984053498,221.07894897460938,1
GVLiD\Black rot\black rot469.jpg,1080,1080,278576,115.12227060013717,308.16241455078125,1
GVLiD\Black rot\black rot470.jpg,1080,1080,252872,117.96605184585053,185.22987365722656,1
GVLiD\Black rot\black rot471.jpg,1080,1080,279111,145.33142180126887,262.7327575683594,1
GVLiD\Black rot\black rot472.jpg,1080,1080,279111,145.33142180126887,262.7327575683594,1
GVLiD\Black rot\black rot473.jpg,1080,1080,279111,145.33142180126887,262.7327575683594,1
GVLiD\Black rot\black rot474.jpg,1080,1080,279111,145.33142180126887,262.7327575683594,1
GVLiD\Black rot\black rot475.jpg,1080,1080,252872,117.96605184585053,185.22987365722656,1
GVLiD\Black rot\black rot476.jpg,1080,1080,264068,138.1958276080247,231.85476684570312,1
GVLiD\Black rot\black rot477.jpg,1080,1080,298833,157.7967514077504,253.09144592285156,1
GVLiD\Black rot\black rot478.jpg,1080,1080,298833,157.7967514077504,253.09144592285156,1
GVLiD\Black rot\black rot479.jpg,1080,1080,298833,157.7967514077504,253.09144592285156,1
GVLiD\Black rot\black rot480.jpg,1080,1080,298833,157.7967514077504,253.09144592285156,1
GVLiD\Black rot\black rot481.jpg,1080,1080,264068,138.1958276080247,231.85476684570312,1
GVLiD\Black rot\black rot482.jpg,1080,1080,238207,144.98139984053498,221.07894897460938,1
GVLiD\Black rot\black rot483.jpg,1080,1080,271096,141.84815482938953,271.1650085449219,1
GVLiD\Black rot\black rot484.jpg,1080,1080,271096,141.84815482938953,271.1650085449219,1
GVLiD\Black rot\black rot485.jpg,1080,1080,271096,141.84815482938953,271.1650085449219,1
GVLiD\Black rot\black rot486.jpg,1080,1080,271096,141.84815482938953,271.1650085449219,1
GVLiD\Black rot\black rot487.jpg,1080,1080,224512,156.9214494598766,127.31869506835938,1
GVLiD\Black rot\black rot488.jpg,1080,1080,224512,156.9214494598766,127.31869506835938,1
GVLiD\Black rot\black rot489.jpg,1080,1080,224512,156.9214494598766,127.31869506835938,1
GVLiD\Black rot\black rot490.jpg,1080,1080,224512,156.9214494598766,127.31869506835938,1
GVLiD\Black rot\black rot491.jpg,1080,1080,222773,138.81651368998627,337.3885498046875,1
GVLiD\Black rot\black rot492.jpg,1080,1080,222773,138.81651368998627,337.3885498046875,1
GVLiD\Black rot\black rot493.jpg,1080,1080,222773,138.81651368998627,337.3885498046875,1
GVLiD\Black rot\black rot494.jpg,1080,1080,222773,138.81651368998627,337.3885498046875,1
GVLiD\Black rot\black rot495.jpg,1080,1080,238207,144.98139984053498,221.07894897460938,1
GVLiD\Black rot\black rot496.jpg,1080,1080,279111,145.33142180126887,262.7327575683594,1
GVLiD\Black rot\black rot497.jpg,1080,1080,252872,117.96605184585053,185.22987365722656,1
GVLiD\Black rot\black rot498.jpg,1080,1080,298833,157.7967514077504,253.09144592285156,1
GVLiD\Black rot\black rot499.jpg,1080,1080,279111,145.33142180126887,262.7327575683594,1
GVLiD\Black rot\black rot500.jpg,1080,1080,271096,141.84815482938953,271.1650085449219,1
GVLiD\Black rot\black rot501.jpg,1080,1080,292666,134.14256236711248,263.29205322265625,1
GVLiD\Black rot\black rot502.jpg,1080,1080,292666,134.14256236711248,263.29205322265625,1
GVLiD\Black rot\black rot503.jpg,1080,1080,292666,134.14256236711248,263.29205322265625,1
GVLiD\Black rot\black rot504.jpg,1080,1080,292666,134.14256236711248,263.29205322265625,1
GVLiD\Black rot\black rot505.jpg,1080,1080,264068,138.1958276080247,231.85476684570312,1
GVLiD\Black rot\black rot506.jpg,1080,1080,224512,156.9214494598766,127.31869506835938,1
GVLiD\Black rot\black rot507.jpg,1080,1080,298833,157.7967514077504,253.09144592285156,1
GVLiD\Black rot\black rot508.jpg,1080,1080,222773,138.81651368998627,337.3885498046875,1
GVLiD\Black rot\black rot509.jpg,1080,1080,238207,144.98139984053498,221.07894897460938,1
GVLiD\Black rot\black rot510.jpg,1080,1080,292666,134.14256236711248,263.29205322265625,1
GVLiD\Black rot\black rot511.jpg,1080,1080,271096,141.84815482938953,271.1650085449219,1
GVLiD\Black rot\black rot512.jpg,1080,1080,327218,122.68423843106999,435.4933776855469,1
GVLiD\Black rot\black rot513.jpg,1080,1080,224512,156.9214494598766,127.31869506835938,1
GVLiD\Black rot\black rot514.jpg,1080,1080,221232,140.06017261145402,207.77076721191406,1
GVLiD\Black rot\black rot515.jpg,1080,1080,222773,138.81651368998627,337.3885498046875,1
GVLiD\Black rot\black rot516.jpg,1080,1080,274254,150.58467199759943,261.3173828125,1
GVLiD\Black rot\black rot517.jpg,1080,1080,279111,145.33142180126887,262.7327575683594,1
GVLiD\Black rot\black rot518.jpg,1080,1080,238964,145.25033907493147,175.20335388183594,1
GVLiD\Black rot\black rot519.jpg,1080,1080,298833,157.7967514077504,253.09144592285156,1
GVLiD\Black rot\black rot520.jpg,1080,1080,279862,146.87449772548004,267.85302734375,1
GVLiD\Black rot\black rot521.jpg,1080,1080,275247,140.5689141889575,314.9592590332031,1
GVLiD\Black rot\black rot522.jpg,1080,1080,275247,140.5689141889575,314.9592590332031,1
GVLiD\Black rot\black rot523.jpg,1080,1080,275247,140.5689141889575,314.9592590332031,1
GVLiD\Black rot\black rot524.jpg,1080,1080,275247,140.5689141889575,314.9592590332031,1
GVLiD\Black rot\black rot525.jpg,1080,1080,271096,141.84815482938953,271.1650085449219,1
GVLiD\Black rot\black rot526.jpg,1080,1080,275247,140.5689141889575,314.9592590332031,1
GVLiD\Black rot\black rot527.jpg,1080,1080,292666,134.14256236711248,263.29205322265625,1
GVLiD\Black rot\black rot528.jpg,1080,1080,265529,127.19351882115913,268.3813171386719,1
GVLiD\Black rot\black rot529.jpg,1080,1080,224512,156.9214494598766,127.31869506835938,1
GVLiD\Black rot\black rot530.jpg,1080,1080,279890,124.10602791838126,245.14205932617188,1
GVLiD\Black rot\black rot531.jpg,1080,1080,222773,138.81651368998627,337.3885498046875,1
GVLiD\Black rot\black rot532.jpg,1080,1080,257175,149.144943294753,394.92706298828125,1
GVLiD\Black rot\black rot533.jpg,1080,1080,292666,134.14256236711248,263.29205322265625,1
GVLiD\Black rot\black rot534.jpg,1080,1080,217735,156.74513875600132,243.3787384033203,1
GVLiD\Black rot\black rot535.jpg,1080,1080,327218,122.68423843106999,435.4933776855469,1
GVLiD\Black rot\black rot536.jpg,1080,1080,274406,139.40436300240054,309.8828125,1
GVLiD\Black rot\black rot537.jpg,1080,1080,221232,140.06017261145402,207.77076721191406,1
GVLiD\Black rot\black rot538.jpg,1080,1080,237586,118.99746032493138,203.1234893798828,1
GVLiD\Black rot\black rot539.jpg,1080,1080,274254,150.58467199759943,261.3173828125,1
GVLiD\Black rot\black rot540.jpg,1080,1080,252872,117.96605184585053,185.22987365722656,1
GVLiD\Black rot\black rot541.jpg,1080,1080,238964,145.25033907493147,175.20335388183594,1
GVLiD\Black rot\black rot542.jpg,1080,1080,264068,138.1958276080247,231.85476684570312,1
GVLiD\Black rot\black rot543.jpg,1080,1080,279862,146.87449772548004,267.85302734375,1
GVLiD\Black rot\black rot544.jpg,1080,1080,238207,144.98139984053498,221.07894897460938,1
GVLiD\Black rot\black rot545.jpg,1080,1080,275247,140.5689141889575,314.9592590332031,1
GVLiD\Black rot\black rot546.jpg,1080,1080,279111,145.33142180126887,262.7327575683594,1
GVLiD\Black rot\black rot547.jpg,1080,1080,275247,140.5689141889575,314.9592590332031,1
GVLiD\Black rot\black rot548.jpg,1080,1080,298833,157.7967514077504,253.09144592285156,1
GVLiD\Black rot\black rot549.jpg,1080,1080,265529,127.19351882115913,268.3813171386719,1
GVLiD\Black rot\black rot550.jpg,1080,1080,271096,141.84815482938953,271.1650085449219,1
GVLiD\Black rot\black rot551.jpg,1080,1080,279890,124.10602791838126,245.14205932617188,1
GVLiD\Black rot\black rot552.jpg,1080,1080,224512,156.9214494598766,127.31869506835938,1
GVLiD\Black rot\black rot553.jpg,1080,1080,257175,149.144943294753,394.92706298828125,1
GVLiD\Black rot\black rot554.jpg,1080,1080,222773,138.81651368998627,337.3885498046875,1
GVLiD\Black rot\black rot555.jpg,1080,1080,217735,156.74513875600132,243.3787384033203,1
GVLiD\Black rot\black rot556.jpg,1080,1080,292666,134.14256236711248,263.29205322265625,1
GVLiD\Black rot\black rot557.jpg,1080,1080,274406,139.40436300240054,309.8828125,1
GVLiD\Black rot\black rot558.jpg,1080,1080,275247,140.5689141889575,314.9592590332031,1
GVLiD\Black rot\black rot559.jpg,1080,1080,280367,155.33042025805918,254.12078857421875,1
GVLiD\Black rot\black rot560.jpg,1080,1080,240161,147.67393873628265,183.6153106689453,1
GVLiD\Black rot\black rot561.jpg,1080,1080,279833,160.60183477194792,248.1084442138672,1
GVLiD\Black rot\black rot562.jpg,1080,1080,259781,82.96740683556244,177.14764404296875,1
GVLiD\Black rot\black rot563.jpg,1080,1080,324371,154.85733234653634,361.8600769042969,1
GVLiD\Black rot\black rot564.jpg,1080,1080,300477,154.21793742455424,353.7420959472656,1
GVLiD\Black rot\black rot565.jpg,1080,1080,234796,111.84033890089165,125.6778564453125,1
GVLiD\Black rot\black rot566.jpg,1080,1080,306724,120.43983527692045,279.9241638183594,1
GVLiD\Black rot\black rot567.jpg,1080,1080,292842,156.60634093021267,330.5154724121094,1
GVLiD\Black rot\black rot568.jpg,1080,1080,279709,119.10567692558305,266.8484802246094,1
GVLiD\Black rot\black rot569.jpg,1080,1080,298971,145.45387250514406,295.858642578125,1
GVLiD\Black rot\black rot570.jpg,1080,1080,292842,156.60634093021267,330.5154724121094,1
GVLiD\Black rot\black rot571.jpg,1080,1080,215141,146.52019372685186,255.80746459960938,1
GVLiD\Black rot\black rot572.jpg,1080,1080,215141,146.52019372685186,255.80746459960938,1
GVLiD\Black rot\black rot573.jpg,1080,1080,280367,155.33042025805918,254.12078857421875,1
GVLiD\Black rot\black rot574.jpg,1080,1080,280367,155.33042025805918,254.12078857421875,1
GVLiD\Black rot\black rot575.jpg,1080,1080,279833,160.60183477194792,248.1084442138672,1
GVLiD\Black rot\black rot576.jpg,1080,1080,279833,160.60183477194792,248.1084442138672,1
GVLiD\Black rot\black rot577.jpg,1080,1080,232498,160.77877591906727,159.17501831054688,1
GVLiD\Black rot\black rot578.jpg,1080,1080,324371,154.85733234653634,361.8600769042969,1
GVLiD\Black rot\black rot579.jpg,1080,1080,278156,148.29977617455407,236.1288604736328,1
GVLiD\Black rot\black rot580.jpg,1080,1080,278156,148.29977617455407,236.1288604736328,1
GVLiD\Black rot\black rot581.jpg,1080,1080,278156,148.29977617455407,236.1288604736328,1
GVLiD\Black rot\black rot582.jpg,1080,1080,278156,148.29977617455407,236.1288604736328,1
GVLiD\Black rot\black rot583.jpg,1080,1080,278156,148.29977617455407,236.1288604736328,1
GVLiD\Black rot\black rot584.jpg,1080,1080,278156,148.29977617455407,236.1288604736328,1
GVLiD\Black rot\black rot585.jpg,1080,1080,278156,148.29977617455407,236.1288604736328,1
GVLiD\Black rot\black rot586.jpg,1080,1080,278156,148.29977617455407,236.1288604736328,1
GVLiD\Black rot\black rot587.jpg,1080,1080,238958,115.10801121313442,131.68402099609375,1
GVLiD\Black rot\black rot588.jpg,1080,1080,238958,115.10801121313442,131.68402099609375,1
GVLiD\Black rot\black rot589.jpg,1080,1080,238958,115.10801121313442,131.68402099609375,1
GVLiD\Black rot\black rot590.jpg,1080,1080,238958,115.10801121313442,131.68402099609375,1
GVLiD\Black rot\black rot591.jpg,1080,1080,238958,115.10801121313442,131.68402099609375,1
GVLiD\Black rot\black rot592.jpg,1080,1080,238958,115.10801121313442,131.68402099609375,1
GVLiD\Black rot\black rot593.jpg,1080,1080,238958,115.10801121313442,131.68402099609375,1
GVLiD\Black rot\black rot594.jpg,1080,1080,238958,115.10801121313442,131.68402099609375,1
GVLiD\Black rot\black rot595.jpg,1080,1080,280171,104.26955459362135,267.3654479980469,1
GVLiD\Black rot\black rot596.jpg,1080,1080,234796,111.84033890089165,125.6778564453125,1
GVLiD\Black rot\black rot597.jpg,1080,1080,238776,143.2221455341221,222.40328979492188,1
GVLiD\Black rot\black rot598.jpg,1080,1080,298971,145.45387250514406,295.858642578125,1
GVLiD\Black rot\black rot599.jpg,1080,1080,275017,129.65803318758574,229.12350463867188,1
GVLiD\Black rot\black rot600.jpg,1080,1080,232498,160.77877591906727,159.17501831054688,1
GVLiD\Black rot\black rot601.jpg,1080,1080,245440,126.86768441786698,184.65696716308594,1
GVLiD\Black rot\black rot602.jpg,1080,1080,280171,104.26955459362135,267.3654479980469,1
GVLiD\Black rot\black rot603.jpg,1080,1080,278576,115.12227060013717,308.16241455078125,1
GVLiD\Black rot\black rot604.jpg,1080,1080,238776,143.2221455341221,222.40328979492188,1
GVLiD\Black rot\black rot605.jpg,1080,1080,327218,122.68423843106999,435.4933776855469,1
GVLiD\Black rot\black rot606.jpg,1080,1080,275017,129.65803318758574,229.12350463867188,1
GVLiD\Black rot\black rot607.jpg,1080,1080,221232,140.06017261145402,207.77076721191406,1
GVLiD\Black rot\black rot608.jpg,1080,1080,245440,126.86768441786698,184.65696716308594,1
GVLiD\Black rot\black rot609.jpg,1080,1080,290121,108.35946147805208,309.78277587890625,1
GVLiD\Black rot\black rot610.jpg,1080,1080,290121,108.35946147805208,309.78277587890625,1
GVLiD\Black rot\black rot611.jpg,1080,1080,290121,108.35946147805208,309.78277587890625,1
GVLiD\Black rot\black rot612.jpg,1080,1080,290121,108.35946147805208,309.78277587890625,1
GVLiD\Black rot\black rot613.jpg,1080,1080,290121,108.35946147805208,309.78277587890625,1
GVLiD\Black rot\black rot614.jpg,1080,1080,290121,108.35946147805208,309.78277587890625,1
GVLiD\Black rot\black rot615.jpg,1080,1080,290121,108.35946147805208,309.78277587890625,1
GVLiD\Black rot\black rot616.jpg,1080,1080,290121,108.35946147805208,309.78277587890625,1
GVLiD\Black rot\black rot617.jpg,1080,1080,324371,154.85733234653634,361.8600769042969,1
GVLiD\Black rot\black rot618.jpg,1080,1080,278576,115.12227060013717,308.16241455078125,1
GVLiD\Black rot\black rot619.jpg,1080,1080,274254,150.58467199759943,261.3173828125,1
GVLiD\Black rot\black rot620.jpg,1080,1080,327218,122.68423843106999,435.4933776855469,1
GVLiD\Black rot\black rot621.jpg,1080,1080,238964,145.25033907493147,175.20335388183594,1
GVLiD\Black rot\black rot622.jpg,1080,1080,221232,140.06017261145402,207.77076721191406,1
GVLiD\Black rot\black rot623.jpg,1080,1080,279862,146.87449772548004,267.85302734375,1
GVLiD\Black rot\black rot624.jpg,1080,1080,274254,150.58467199759943,261.3173828125,1
GVLiD\Black rot\black rot625.jpg,1080,1080,265529,127.19351882115913,268.3813171386719,1
GVLiD\Black rot\black rot626.jpg,1080,1080,238964,145.25033907493147,175.20335388183594,1
GVLiD\Black rot\black rot627.jpg,1080,1080,279890,124.10602791838126,245.14205932617188,1
GVLiD\Black rot\black rot628.jpg,1080,1080,279862,146.87449772548004,267.85302734375,1
GVLiD\Black rot\black rot629.jpg,1080,1080,261673,128.23772954818244,248.620849609375,1
GVLiD\Black rot\black rot630.jpg,1080,1080,261673,128.23772954818244,248.620849609375,1
GVLiD\Black rot\black rot631.jpg,1080,1080,261673,128.23772954818244,248.620849609375,1
GVLiD\Black rot\black rot632.jpg,1080,1080,261673,128.23772954818244,248.620849609375,1
GVLiD\Black rot\black rot633.jpg,1080,1080,261673,128.23772954818244,248.620849609375,1
GVLiD\Black rot\black rot634.jpg,1080,1080,261673,128.23772954818244,248.620849609375,1
GVLiD\Black rot\black rot635.jpg,1080,1080,261673,128.23772954818244,248.620849609375,1
GVLiD\Black rot\black rot636.jpg,1080,1080,261673,128.23772954818244,248.620849609375,1
GVLiD\Black rot\black rot637.jpg,1080,1080,257175,149.144943294753,394.92706298828125,1
GVLiD\Black rot\black rot638.jpg,1080,1080,265529,127.19351882115913,268.3813171386719,1
GVLiD\Black rot\black rot639.jpg,1080,1080,217735,156.74513875600132,243.3787384033203,1
GVLiD\Black rot\black rot640.jpg,1080,1080,279890,124.10602791838126,245.14205932617188,1
GVLiD\Black rot\black rot641.jpg,1080,1080,274406,139.40436300240054,309.8828125,1
GVLiD\Black rot\black rot642.jpg,1080,1080,257175,149.144943294753,394.92706298828125,1
GVLiD\Black rot\black rot643.jpg,1080,1080,234796,111.84033890089165,125.6778564453125,1
GVLiD\Black rot\black rot644.jpg,1080,1080,217735,156.74513875600132,243.3787384033203,1
GVLiD\Black rot\black rot645.jpg,1080,1080,298971,145.45387250514406,295.858642578125,1
GVLiD\Black rot\black rot646.jpg,1080,1080,274406,139.40436300240054,309.8828125,1
GVLiD\Black rot\black rot647.jpg,1080,1080,232498,160.77877591906727,159.17501831054688,1
GVLiD\Black rot\black rot648.jpg,1080,1080,280171,104.26955459362135,267.3654479980469,1
GVLiD\Black rot\black rot649.jpg,1080,1080,302142,123.5042892001028,299.9667053222656,1
GVLiD\Black rot\black rot650.jpg,1080,1080,302142,123.5042892001028,299.9667053222656,1
GVLiD\Black rot\black rot651.jpg,1080,1080,302142,123.5042892001028,299.9667053222656,1
GVLiD\Black rot\black rot652.jpg,1080,1080,302142,123.5042892001028,299.9667053222656,1
GVLiD\Black rot\black rot653.jpg,1080,1080,262881,116.08874020919069,162.91632080078125,1
GVLiD\Black rot\black rot654.jpg,1080,1080,262881,116.08874020919069,162.91632080078125,1
GVLiD\Black rot\black rot655.jpg,1080,1080,262881,116.08874020919069,162.91632080078125,1
GVLiD\Black rot\black rot656.jpg,1080,1080,262881,116.08874020919069,162.91632080078125,1
GVLiD\Black rot\black rot657.jpg,1080,1080,277795,135.27314463134422,246.3622283935547,1
GVLiD\Black rot\black rot658.jpg,1080,1080,277795,135.27314463134422,246.3622283935547,1
GVLiD\Black rot\black rot659.jpg,1080,1080,277795,135.27314463134422,246.3622283935547,1
GVLiD\Black rot\black rot660.jpg,1080,1080,277795,135.27314463134422,246.3622283935547,1
GVLiD\Black rot\black rot661.jpg,1080,1080,307923,167.2456565003429,387.7625732421875,1
GVLiD\Black rot\black rot662.jpg,1080,1080,307923,167.2456565003429,387.7625732421875,1
GVLiD\Black rot\black rot663.jpg,1080,1080,307923,167.2456565003429,387.7625732421875,1
GVLiD\Black rot\black rot664.jpg,1080,1080,307923,167.2456565003429,387.7625732421875,1
GVLiD\Black rot\black rot665.jpg,1080,1080,213611,172.21031236539787,177.09832763671875,1
GVLiD\Black rot\black rot666.jpg,1080,1080,213611,172.21031236539787,177.09832763671875,1
GVLiD\Black rot\black rot667.jpg,1080,1080,213611,172.21031236539787,177.09832763671875,1
GVLiD\Black rot\black rot668.jpg,1080,1080,213611,172.21031236539787,177.09832763671875,1
GVLiD\Black rot\black rot669.jpg,1080,1080,302142,123.5042892001028,299.9667053222656,1
GVLiD\Black rot\black rot670.jpg,1080,1080,302142,123.5042892001028,299.9667053222656,1
GVLiD\Black rot\black rot671.jpg,1080,1080,262881,116.08874020919069,162.91632080078125,1
GVLiD\Black rot\black rot672.jpg,1080,1080,262881,116.08874020919069,162.91632080078125,1
GVLiD\Black rot\black rot673.jpg,1080,1080,277795,135.27314463134422,246.3622283935547,1
GVLiD\Black rot\black rot674.jpg,1080,1080,277795,135.27314463134422,246.3622283935547,1
GVLiD\Black rot\black rot675.jpg,1080,1080,307923,167.2456565003429,387.7625732421875,1
GVLiD\Black rot\black rot676.jpg,1080,1080,307923,167.2456565003429,387.7625732421875,1
GVLiD\Black rot\black rot677.jpg,1080,1080,277803,134.84964881515774,232.2418975830078,1
GVLiD\Black rot\black rot678.jpg,1080,1080,277803,134.84964881515774,232.2418975830078,1
GVLiD\Black rot\black rot679.jpg,1080,1080,277803,134.84964881515774,232.2418975830078,1
GVLiD\Black rot\black rot680.jpg,1080,1080,277803,134.84964881515774,232.2418975830078,1
GVLiD\Black rot\black rot681.jpg,1080,1080,213611,172.21031236539787,177.09832763671875,1
GVLiD\Black rot\black rot682.jpg,1080,1080,213611,172.21031236539787,177.09832763671875,1
GVLiD\Black rot\black rot683.jpg,1080,1080,302142,123.5042892001028,299.9667053222656,1
GVLiD\Black rot\black rot684.jpg,1080,1080,277803,134.84964881515774,232.2418975830078,1
GVLiD\Black rot\black rot685.jpg,1080,1080,262881,116.08874020919069,162.91632080078125,1
GVLiD\Black rot\black rot686.jpg,1080,1080,302142,123.5042892001028,299.9667053222656,1
GVLiD\Black rot\black rot687.jpg,1080,1080,277795,135.27314463134422,246.3622283935547,1
GVLiD\Black rot\black rot688.jpg,1080,1080,262881,116.08874020919069,162.91632080078125,1
GVLiD\Black rot\black rot689.jpg,1080,1080,307923,167.2456565003429,387.7625732421875,1
GVLiD\Black rot\black rot690.jpg,1080,1080,277795,135.27314463134422,246.3622283935547,1
GVLiD\Black rot\black rot691.jpg,1080,1080,277803,134.84964881515774,232.2418975830078,1
GVLiD\Black rot\black rot692.jpg,1080,1080,307923,167.2456565003429,387.7625732421875,1
GVLiD\Black rot\black rot693.jpg,1080,1080,213611,172.21031236539787,177.09832763671875,1
GVLiD\Black rot\black rot694.jpg,1080,1080,213611,172.21031236539787,177.09832763671875,1
GVLiD\Black rot\black rot695.jpg,1080,1080,277803,134.84964881515774,232.2418975830078,1
GVLiD\Black rot\black rot696.jpg,1080,1080,277803,134.84964881515774,232.2418975830078,1
GVLiD\Black rot\black rot697.jpg,1080,1080,337360,132.71923506344308,659.057861328125,1
GVLiD\Black rot\black rot698.jpg,1080,1080,337360,132.71923506344308,659.057861328125,1
GVLiD\Black rot\black rot699.jpg,1080,1080,337360,132.71923506344308,659.057861328125,1
GVLiD\Black rot\black rot700.jpg,1080,1080,337360,132.71923506344308,659.057861328125,1
GVLiD\Black rot\black rot701.jpg,1080,1080,305901,124.61022610939644,271.14508056640625,1
GVLiD\Black rot\black rot702.jpg,1080,1080,305901,124.61022610939644,271.14508056640625,1
GVLiD\Black rot\black rot703.jpg,1080,1080,305901,124.61022610939644,271.14508056640625,1
GVLiD\Black rot\black rot704.jpg,1080,1080,305901,124.61022610939644,271.14508056640625,1
GVLiD\Black rot\black rot705.jpg,1080,1080,399484,119.1995635528121,1128.9371337890625,1
GVLiD\Black rot\black rot706.jpg,1080,1080,399484,119.1995635528121,1128.9371337890625,1
GVLiD\Black rot\black rot707.jpg,1080,1080,399484,119.1995635528121,1128.9371337890625,1
GVLiD\Black rot\black rot708.jpg,1080,1080,399484,119.1995635528121,1128.9371337890625,1
GVLiD\Black rot\black rot709.jpg,1080,1080,319021,112.42870085648148,369.5957336425781,1
GVLiD\Black rot\black rot710.jpg,1080,1080,319021,112.42870085648148,369.5957336425781,1
GVLiD\Black rot\black rot711.jpg,1080,1080,319021,112.42870085648148,369.5957336425781,1
GVLiD\Black rot\black rot712.jpg,1080,1080,319021,112.42870085648148,369.5957336425781,1
GVLiD\Black rot\black rot713.jpg,1080,1080,337360,132.71923506344308,659.057861328125,1
GVLiD\Black rot\black rot714.jpg,1080,1080,337360,132.71923506344308,659.057861328125,1
GVLiD\Black rot\black rot715.jpg,1080,1080,305901,124.61022610939644,271.14508056640625,1
GVLiD\Black rot\black rot716.jpg,1080,1080,305901,124.61022610939644,271.14508056640625,1
GVLiD\Black rot\black rot717.jpg,1080,1080,399484,119.1995635528121,1128.9371337890625,1
GVLiD\Black rot\black rot718.jpg,1080,1080,399484,119.1995635528121,1128.9371337890625,1
GVLiD\Black rot\black rot719.jpg,1080,1080,319021,112.42870085648148,369.5957336425781,1
GVLiD\Black rot\black rot720.jpg,1080,1080,319021,112.42870085648148,369.5957336425781,1
GVLiD\Black rot\black rot721.jpg,1080,1080,337360,132.71923506344308,659.057861328125,1
GVLiD\Black rot\black rot722.jpg,1080,1080,337360,132.71923506344308,659.057861328125,1
GVLiD\Black rot\black rot723.jpg,1080,1080,337890,162.36642524091212,380.9958190917969,1
GVLiD\Black rot\black rot724.jpg,1080,1080,337890,162.36642524091212,380.9958190917969,1
GVLiD\Black rot\black rot725.jpg,1080,1080,337890,162.36642524091212,380.9958190917969,1
GVLiD\Black rot\black rot726.jpg,1080,1080,337890,162.36642524091212,380.9958190917969,1
GVLiD\Black rot\black rot727.jpg,1080,1080,305901,124.61022610939644,271.14508056640625,1
GVLiD\Black rot\black rot728.jpg,1080,1080,337890,162.36642524091212,380.9958190917969,1
GVLiD\Black rot\black rot729.jpg,1080,1080,399484,119.1995635528121,1128.9371337890625,1
GVLiD\Black rot\black rot730.jpg,1080,1080,305901,124.61022610939644,271.14508056640625,1
GVLiD\Black rot\black rot731.jpg,1080,1080,319021,112.42870085648148,369.5957336425781,1
GVLiD\Black rot\black rot732.jpg,1080,1080,399484,119.1995635528121,1128.9371337890625,1
GVLiD\Black rot\black rot733.jpg,1080,1080,337890,162.36642524091212,380.9958190917969,1
GVLiD\Black rot\black rot734.jpg,1080,1080,319021,112.42870085648148,369.5957336425781,1
GVLiD\Black rot\black rot735.jpg,1080,1080,337890,162.36642524091212,380.9958190917969,1
GVLiD\Black rot\black rot736.jpg,1080,1080,337890,162.36642524091212,380.9958190917969,1
GVLiD\Black rot\black rot737.jpg,1080,1080,308307,128.9438312371399,268.2566833496094,1
GVLiD\Black rot\black rot738.jpg,1080,1080,308307,128.9438312371399,268.2566833496094,1
GVLiD\Black rot\black rot739.jpg,1080,1080,308307,128.9438312371399,268.2566833496094,1
GVLiD\Black rot\black rot740.jpg,1080,1080,308307,128.9438312371399,268.2566833496094,1
GVLiD\Black rot\black rot741.jpg,1080,1080,308307,128.9438312371399,268.2566833496094,1
GVLiD\Black rot\black rot742.jpg,1080,1080,308307,128.9438312371399,268.2566833496094,1
GVLiD\Black rot\black rot743.jpg,1080,1080,308307,128.9438312371399,268.2566833496094,1
GVLiD\Black rot\black rot744.jpg,1080,1080,308307,128.9438312371399,268.2566833496094,1
GVLiD\Black rot\black rot745.jpg,1080,1080,286489,138.35629194615908,318.44403076171875,1
GVLiD\Black rot\black rot746.jpg,1080,1080,286489,138.35629194615908,318.44403076171875,1
GVLiD\Black rot\black rot747.jpg,1080,1080,286489,138.35629194615908,318.44403076171875,1
GVLiD\Black rot\black rot748.jpg,1080,1080,286489,138.35629194615908,318.44403076171875,1
GVLiD\Black rot\black rot749.jpg,1080,1080,286489,138.35629194615908,318.44403076171875,1
GVLiD\Black rot\black rot750.jpg,1080,1080,286489,138.35629194615908,318.44403076171875,1
GVLiD\Black rot\black rot751.jpg,1080,1080,286489,138.35629194615908,318.44403076171875,1
GVLiD\Black rot\black rot752.jpg,1080,1080,286489,138.35629194615908,318.44403076171875,1
GVLiD\Black rot\black rot753.jpg,1080,1080,312193,139.44495086419747,353.7303466796875,1
GVLiD\Black rot\black rot754.jpg,1080,1080,312193,139.44495086419747,353.7303466796875,1
GVLiD\Black rot\black rot755.jpg,1080,1080,312193,139.44495086419747,353.7303466796875,1
GVLiD\Black rot\black rot756.jpg,1080,1080,312193,139.44495086419747,353.7303466796875,1
GVLiD\Black rot\black rot757.jpg,1080,1080,312193,139.44495086419747,353.7303466796875,1
GVLiD\Black rot\black rot758.jpg,1080,1080,312193,139.44495086419747,353.7303466796875,1
GVLiD\Black rot\black rot759.jpg,1080,1080,268300,117.12770279320982,180.1954803466797,1
GVLiD\Black rot\black rot760.jpg,1080,1080,268300,117.12770279320982,180.1954803466797,1
GVLiD\Black rot\black rot761.jpg,1080,1080,268300,117.12770279320982,180.1954803466797,1
GVLiD\Black rot\black rot762.jpg,1080,1080,268300,117.12770279320982,180.1954803466797,1
GVLiD\Black rot\black rot763.jpg,1080,1080,312193,139.44495086419747,353.7303466796875,1
GVLiD\Black rot\black rot764.jpg,1080,1080,268300,117.12770279320982,180.1954803466797,1
GVLiD\Black rot\black rot765.jpg,1080,1080,268300,117.12770279320982,180.1954803466797,1
GVLiD\Black rot\black rot766.jpg,1080,1080,312193,139.44495086419747,353.7303466796875,1
GVLiD\Black rot\black rot767.jpg,1080,1080,268300,117.12770279320982,180.1954803466797,1
GVLiD\Black rot\black rot768.jpg,1080,1080,268300,117.12770279320982,180.1954803466797,1
GVLiD\Black rot\black rot769.jpg,1080,1080,301947,120.39839879029496,268.30889892578125,1
GVLiD\Black rot\black rot770.jpg,1080,1080,301947,120.39839879029496,268.30889892578125,1
GVLiD\Black rot\black rot771.jpg,1080,1080,301947,120.39839879029496,268.30889892578125,1
GVLiD\Black rot\black rot772.jpg,1080,1080,301947,120.39839879029496,268.30889892578125,1
GVLiD\Black rot\black rot773.jpg,1080,1080,301947,120.39839879029496,268.30889892578125,1
GVLiD\Black rot\black rot774.jpg,1080,1080,301947,120.39839879029496,268.30889892578125,1
GVLiD\Black rot\black rot775.jpg,1080,1080,301947,120.39839879029496,268.30889892578125,1
GVLiD\Black rot\black rot776.jpg,1080,1080,301947,120.39839879029496,268.30889892578125,1
GVLiD\Black rot\black rot777.jpg,1080,1080,207031,135.32757667781212,94.29331970214844,1
GVLiD\Black rot\black rot778.jpg,1080,1080,207031,135.32757667781212,94.29331970214844,1
GVLiD\Black rot\black rot779.jpg,1080,1080,207031,135.32757667781212,94.29331970214844,1
GVLiD\Black rot\black rot780.jpg,1080,1080,207031,135.32757667781212,94.29331970214844,1
GVLiD\Black rot\black rot781.jpg,1080,1080,207031,135.32757667781212,94.29331970214844,1
GVLiD\Black rot\black rot782.jpg,1080,1080,207031,135.32757667781212,94.29331970214844,1
GVLiD\Black rot\black rot783.jpg,1080,1080,207031,135.32757667781212,94.29331970214844,1
GVLiD\Black rot\black rot784.jpg,1080,1080,207031,135.32757667781212,94.29331970214844,1
GVLiD\Black rot\black rot785.jpg,1080,1080,324580,106.87116993569957,344.8387756347656,1
GVLiD\Black rot\black rot786.jpg,1080,1080,324580,106.87116993569957,344.8387756347656,1
GVLiD\Black rot\black rot787.jpg,1080,1080,324580,106.87116993569957,344.8387756347656,1
GVLiD\Black rot\black rot788.jpg,1080,1080,324580,106.87116993569957,344.8387756347656,1
GVLiD\Black rot\black rot789.jpg,1080,1080,324580,106.87116993569957,344.8387756347656,1
GVLiD\Black rot\black rot790.jpg,1080,1080,324580,106.87116993569957,344.8387756347656,1
GVLiD\Black rot\black rot791.jpg,1080,1080,324580,106.87116993569957,344.8387756347656,1
GVLiD\Black rot\black rot792.jpg,1080,1080,324580,106.87116993569957,344.8387756347656,1
GVLiD\Black rot\black rot793.jpg,1080,1080,291020,128.88826128429355,657.9111328125,1
GVLiD\Black rot\black rot794.jpg,1080,1080,291020,128.88826128429355,657.9111328125,1
GVLiD\Black rot\black rot795.jpg,1080,1080,291020,128.88826128429355,657.9111328125,1
GVLiD\Black rot\black rot796.jpg,1080,1080,291020,128.88826128429355,657.9111328125,1
GVLiD\Black rot\black rot797.jpg,1080,1080,291020,128.88826128429355,657.9111328125,1
GVLiD\Black rot\black rot798.jpg,1080,1080,291020,128.88826128429355,657.9111328125,1
GVLiD\Black rot\black rot799.jpg,1080,1080,291020,128.88826128429355,657.9111328125,1
GVLiD\Black rot\black rot800.jpg,1080,1080,291020,128.88826128429355,657.9111328125,1
GVLiD\Black rot\black rot801.jpg,1080,1080,180256,110.01153965106309,250.74880981445312,1
GVLiD\Black rot\black rot802.jpg,1080,1080,180256,110.01153965106309,250.74880981445312,1
GVLiD\Black rot\black rot803.jpg,1080,1080,180256,110.01153965106309,250.74880981445312,1
GVLiD\Black rot\black rot804.jpg,1080,1080,180256,110.01153965106309,250.74880981445312,1
GVLiD\Black rot\black rot805.jpg,1080,1080,180256,110.01153965106309,250.74880981445312,1
GVLiD\Black rot\black rot806.jpg,1080,1080,180256,110.01153965106309,250.74880981445312,1
GVLiD\Black rot\black rot807.jpg,1080,1080,180256,110.01153965106309,250.74880981445312,1
GVLiD\Black rot\black rot808.jpg,1080,1080,180256,110.01153965106309,250.74880981445312,1
GVLiD\Black rot\mega dataset (31) - Copy - Copy - Copy.jpg,1080,1080,295062,112.7026856112825,337.1591491699219,1
GVLiD\esca\esca001.jpg,1080,1080,257260,121.69682292438274,401.3019104003906,1
GVLiD\esca\esca002.jpg,1080,1080,291020,128.88826128429355,657.9111328125,1
GVLiD\esca\esca003.jpg,1080,1080,276263,129.50888666409466,645.574951171875,1
GVLiD\esca\esca004.jpg,1080,1080,147246,121.12354035065152,73.54866790771484,1
GVLiD\esca\esca005.jpg,1080,1080,270368,113.45420562499994,621.5065307617188,1
GVLiD\esca\esca006.jpg,1080,1080,234692,132.65779766803843,230.90554809570312,1
GVLiD\esca\esca007.jpg,1080,1080,417798,148.0899073096708,1204.257080078125,1
GVLiD\esca\esca008.jpg,1080,1080,250651,124.90377919067208,481.3849182128906,1
GVLiD\esca\esca009.jpg,1080,1080,286888,137.65527924982854,556.19580078125,1
GVLiD\esca\esca010.jpg,1080,1080,280943,108.46471252572013,586.8145141601562,1
GVLiD\esca\esca011.jpg,1080,1080,268520,136.72838117626884,472.8623352050781,1
GVLiD\esca\esca012.jpg,1080,1080,324393,139.8311126243142,668.6610107421875,1
GVLiD\esca\esca013.jpg,1080,1080,305578,125.63568929269547,652.14208984375,1
GVLiD\esca\esca014.jpg,1080,1080,227322,135.9168320036008,182.67286682128906,1
GVLiD\esca\esca015.jpg,1080,1080,241822,123.35166385630994,481.9665222167969,1
GVLiD\esca\esca016.jpg,1080,1080,232060,109.33978678755145,350.0479431152344,1
GVLiD\esca\esca017.jpg,1080,1080,370526,148.24357902263364,842.7992553710938,1
GVLiD\esca\esca018.jpg,1080,1080,186013,82.47753493912896,149.4208221435547,1
GVLiD\esca\esca019.jpg,1080,1080,276321,108.3719585913923,423.4210205078125,1
GVLiD\esca\esca020.jpg,1080,1080,208835,113.02665007115908,170.2057342529297,1
GVLiD\esca\esca021.jpg,1080,1080,287132,139.03514264917692,415.6014709472656,1
GVLiD\esca\esca022.jpg,1080,1080,247289,123.21700632630319,338.5810852050781,1
GVLiD\esca\esca023.jpg,1080,1080,243945,112.27588126628945,494.6069030761719,1
GVLiD\esca\esca024.jpg,1080,1080,248388,111.78043803755148,461.2022399902344,1
GVLiD\esca\esca025.jpg,1080,1080,263205,138.0061954080933,456.62847900390625,1
GVLiD\esca\esca026.jpg,1080,1080,293229,125.90980345850475,539.0252075195312,1
GVLiD\esca\esca027.jpg,1080,1080,280099,97.54288410579561,719.00634765625,1
GVLiD\esca\esca028.jpg,1080,1080,376269,127.02011619341559,1116.6453857421875,1
GVLiD\esca\esca029.jpg,1080,1080,282016,120.7126189943416,444.4530029296875,1
GVLiD\esca\esca030.jpg,1080,1080,284722,126.4019139883402,628.4515380859375,1
GVLiD\esca\esca031.jpg,1080,1080,263232,97.5611258607682,631.4163818359375,1
GVLiD\esca\esca032.jpg,1080,1080,295786,124.49140435956791,642.88427734375,1
GVLiD\esca\esca033.jpg,1080,1080,294359,148.5173890817901,356.52947998046875,1
GVLiD\esca\esca034.jpg,1080,1080,268484,149.6600984070645,331.79522705078125,1
GVLiD\esca\esca035.jpg,1080,1080,258983,101.11944369427299,704.8181762695312,1
GVLiD\esca\esca036.jpg,1080,1080,178533,105.24774464591901,101.38241577148438,1
GVLiD\esca\esca037.jpg,1080,1080,283897,105.18998441872431,430.83282470703125,1
GVLiD\esca\esca038.jpg,1080,1080,289482,103.0862468415638,743.6909790039062,1
GVLiD\esca\esca039.jpg,1080,1080,370474,130.46069095164617,992.7914428710938,1
GVLiD\esca\esca040.jpg,1080,1080,221480,99.3520880598423,333.84259033203125,1
GVLiD\esca\esca041.jpg,1080,1080,344465,100.64303175068584,1355.7408447265625,1
GVLiD\esca\esca042.jpg,1080,1080,258904,107.69790304955418,397.4865417480469,1
GVLiD\esca\esca043.jpg,1080,1080,310505,120.60679579218112,866.2832641601562,1
GVLiD\esca\esca044.jpg,1080,1080,288679,100.20063745884777,609.1348876953125,1
GVLiD\esca\esca045.jpg,1080,1080,348781,121.37620040552129,1099.7813720703125,1
GVLiD\esca\esca046.jpg,1080,1080,347912,122.55126429098082,994.7083740234375,1
GVLiD\esca\esca047.jpg,1080,1080,349207,128.82112695473253,921.44482421875,1
GVLiD\esca\esca048.jpg,1080,1080,245600,91.56486594993143,338.58306884765625,1
GVLiD\esca\esca049.jpg,1080,1080,317369,133.93344653377912,931.0777587890625,1
GVLiD\esca\esca050.jpg,1080,1080,332991,106.21534282578875,913.1958618164062,1
GVLiD\esca\esca051.jpg,1080,1080,303639,136.81173470764753,587.835693359375,1
GVLiD\esca\esca052.jpg,1080,1080,245416,121.16824345164603,445.3633117675781,1
GVLiD\esca\esca053.jpg,1080,1080,257984,119.95174718964334,459.3896789550781,1
GVLiD\esca\esca054.jpg,1080,1080,244358,91.74510957904663,543.5848388671875,1
GVLiD\esca\esca055.jpg,1080,1080,212074,111.50730624142653,261.93048095703125,1
GVLiD\esca\esca056.jpg,1080,1080,224291,105.81160977709187,428.5252990722656,1
GVLiD\esca\esca057.jpg,1080,1080,226794,124.66984231995886,280.7107238769531,1
GVLiD\esca\esca058.jpg,1080,1080,254638,100.64606204389575,542.8779907226562,1
GVLiD\esca\esca059.jpg,1080,1080,280556,116.98419232596024,706.3755493164062,1
GVLiD\esca\esca060.jpg,1080,1080,218145,85.7402425625857,291.4624328613281,1
GVLiD\esca\esca061.jpg,1080,1080,313175,104.38042675154325,785.7225341796875,1
GVLiD\esca\esca062.jpg,1080,1080,418437,142.82533760030861,1090.593994140625,1
GVLiD\esca\esca063.jpg,1080,1080,243142,125.84537268861452,343.86865234375,1
GVLiD\esca\esca064.jpg,1080,1080,316593,133.44143455075448,585.2599487304688,1
GVLiD\esca\esca065.jpg,1080,1080,250196,113.2958951183128,509.36065673828125,1
GVLiD\esca\esca066.jpg,1080,1080,248402,108.0237911231138,435.1441650390625,1
GVLiD\esca\esca067.jpg,1080,1080,185647,82.32415142232513,181.74252319335938,1
GVLiD\esca\esca068.jpg,1080,1080,278761,118.6216304252401,793.935546875,1
GVLiD\esca\esca069.jpg,1080,1080,223464,146.98286989540463,163.36715698242188,1
GVLiD\esca\esca070.jpg,1080,1080,253976,123.34433581189987,274.77496337890625,1
GVLiD\esca\esca071.jpg,1080,1080,379018,137.59905846279156,1075.8363037109375,1
GVLiD\esca\esca072.jpg,1080,1080,224817,117.47296116083676,344.8757629394531,1
GVLiD\esca\esca073.jpg,1080,1080,270231,129.06090813443063,480.78448486328125,1
GVLiD\esca\esca074.jpg,1080,1080,193757,87.80007769976,196.6497802734375,1
GVLiD\esca\esca075.jpg,1080,1080,278517,99.39333733967761,620.5648803710938,1
GVLiD\esca\esca076.jpg,1080,1080,282312,113.10997933384772,672.3450927734375,1
GVLiD\esca\esca077.jpg,1080,1080,204193,135.7490952614883,262.8067321777344,1
GVLiD\esca\esca078.jpg,1080,1080,240257,99.52532985082294,388.6700134277344,1
GVLiD\esca\esca079.jpg,1080,1080,257951,108.96501944530179,437.4955139160156,1
GVLiD\esca\esca080.jpg,1080,1080,242703,115.48951845764746,374.079833984375,1
GVLiD\esca\esca081.jpg,1080,1080,232021,101.7893082510288,184.3670196533203,1
GVLiD\esca\esca082.jpg,1080,1080,218194,100.75818883744859,252.01385498046875,1
GVLiD\esca\esca083.jpg,1080,1080,306854,116.23275421896429,671.5680541992188,1
GVLiD\esca\esca084.jpg,1080,1080,311336,124.2140778943759,715.2361450195312,1
GVLiD\esca\esca085.jpg,1080,1080,336512,110.6539463820302,904.7589111328125,1
GVLiD\esca\esca086.jpg,1080,1080,201298,133.84189013203013,197.91769409179688,1
GVLiD\esca\esca087.jpg,1080,1080,257034,79.87823708847736,798.46240234375,1
GVLiD\esca\esca088.jpg,1080,1080,184609,136.41079604595336,190.9248504638672,1
GVLiD\esca\esca089.jpg,1080,1080,240501,118.31087837705759,390.5514831542969,1
GVLiD\esca\esca090.jpg,1080,1080,260354,138.42597140946498,309.34930419921875,1
GVLiD\esca\esca091.jpg,1080,1080,174122,105.77702791495196,151.87779235839844,1
GVLiD\esca\esca092.jpg,1080,1080,168158,72.9189194015775,272.7635803222656,1
GVLiD\esca\esca093.jpg,1080,1080,275973,108.68292816786693,515.8555297851562,1
GVLiD\esca\esca094.jpg,1080,1080,184004,122.18589849365566,246.7303924560547,1
GVLiD\esca\esca095.jpg,1080,1080,331587,107.18042635116593,782.8193969726562,1
GVLiD\esca\esca096.jpg,1080,1080,204174,135.7895714926269,148.8983612060547,1
GVLiD\esca\esca097.jpg,1080,1080,319597,120.95482477451985,1001.53369140625,1
GVLiD\esca\esca098.jpg,1080,1080,362234,96.39653006944444,1348.439697265625,1
GVLiD\esca\esca099.jpg,1080,1080,152051,92.41408511659809,98.91505432128906,1
GVLiD\esca\esca100.jpg,1080,1080,259912,113.41819421553497,488.9658203125,1
GVLiD\esca\esca101.jpg,1080,1080,228892,101.91886764317552,306.71575927734375,1
GVLiD\esca\esca102.jpg,1080,1080,255496,130.58600789094655,425.6017761230469,1
GVLiD\esca\esca103.jpg,1080,1080,210527,128.0089673182442,702.4644775390625,1
GVLiD\esca\esca104.jpg,1080,1080,318239,137.00437856567206,698.5384521484375,1
GVLiD\esca\esca105.jpg,1080,1080,249682,125.14385013974623,474.13104248046875,1
GVLiD\esca\esca106.jpg,1080,1080,263127,113.60782681841566,508.0150451660156,1
GVLiD\esca\esca107.jpg,1080,1080,320092,108.2620262740055,765.2274169921875,1
GVLiD\esca\esca108.jpg,1080,1080,250849,114.73276599879975,465.37322998046875,1
GVLiD\esca\esca109.jpg,1080,1080,328088,111.26242240997944,770.2966918945312,1
GVLiD\esca\esca110.jpg,1080,1080,193899,107.04846957133068,237.26205444335938,1
GVLiD\esca\esca111.jpg,1080,1080,245115,106.20598482681748,478.0562438964844,1
GVLiD\esca\esca112.jpg,1080,1080,271362,117.63359943158434,456.8470458984375,1
GVLiD\esca\esca113.jpg,1080,1080,190599,134.10352776577508,123.44170379638672,1
GVLiD\esca\esca114.jpg,1080,1080,181664,98.48204402091902,201.7176055908203,1
GVLiD\esca\esca115.jpg,1080,1080,275241,125.46813278978054,362.1234436035156,1
GVLiD\esca\esca116.jpg,1080,1080,225723,115.45768660579567,380.9049072265625,1
GVLiD\esca\esca117.jpg,1080,1080,233420,79.62036532921812,581.4921875,1
GVLiD\esca\esca118.jpg,1080,1080,216713,111.29169820387519,384.96185302734375,1
GVLiD\esca\esca119.jpg,1080,1080,218174,136.28983478480805,225.48202514648438,1
GVLiD\esca\esca120.jpg,1080,1080,217054,104.00740197273663,255.05538940429688,1
GVLiD\esca\esca121.jpg,1080,1080,242815,114.04876930384091,325.75653076171875,1
GVLiD\esca\esca122.jpg,1080,1080,232828,100.95361258916319,329.7426452636719,1
GVLiD\esca\esca123.jpg,1080,1080,301952,125.52364311728397,631.2710571289062,1
GVLiD\esca\esca124.jpg,1080,1080,230742,126.03422394718798,284.3384094238281,1
GVLiD\esca\esca125.jpg,1080,1080,303260,115.62314059927981,760.1463623046875,1
GVLiD\esca\esca126.jpg,1080,1080,232142,131.05775643947192,215.18319702148438,1
GVLiD\esca\esca127.jpg,1080,1080,239296,123.92130974537038,368.1976623535156,1
GVLiD\esca\esca128.jpg,1080,1080,252500,122.71027999657062,458.091552734375,1
GVLiD\esca\esca129.jpg,1080,1080,248296,129.43301254543897,395.4783935546875,1
GVLiD\esca\esca130.jpg,1080,1080,193557,95.53562036779834,273.1854248046875,1
GVLiD\esca\esca131.jpg,1080,1080,352768,134.3048967472565,889.8363037109375,1
GVLiD\esca\esca132.jpg,1080,1080,264009,90.76920276320307,703.0097045898438,1
GVLiD\esca\esca133.jpg,1080,1080,396867,148.83257634687922,1201.837158203125,1
GVLiD\esca\esca134.jpg,1080,1080,249038,133.0094352486282,322.5419006347656,1
GVLiD\esca\esca135.jpg,1080,1080,285186,143.74476219650205,425.08477783203125,1
GVLiD\esca\esca136.jpg,1080,1080,227891,131.51529584962276,315.01947021484375,1
GVLiD\esca\esca137.jpg,1080,1080,326242,106.0803893484225,783.7692260742188,1
GVLiD\esca\esca138.jpg,1080,1080,309598,128.13458966649515,647.2715454101562,1
GVLiD\esca\esca139.jpg,1080,1080,252905,135.77600619855963,279.8745422363281,1
GVLiD\esca\esca140.jpg,1080,1080,271861,110.8133941075103,525.08203125,1
GVLiD\esca\esca141.jpg,1080,1080,279878,127.28300411008229,620.074462890625,1
GVLiD\esca\esca142.jpg,1080,1080,282458,117.60021348251023,831.024169921875,1
GVLiD\esca\esca143.jpg,1080,1080,313705,131.61447330161184,980.5044555664062,1
GVLiD\esca\esca144.jpg,1080,1080,267632,104.75761485082307,531.5932006835938,1
GVLiD\esca\esca145.jpg,1080,1080,287885,101.51943489883404,860.7118530273438,1
GVLiD\esca\esca146.jpg,1080,1080,278437,92.97189196587792,723.8578491210938,1
GVLiD\esca\esca147.jpg,1080,1080,250788,112.15507166066527,374.07733154296875,1
GVLiD\esca\esca148.jpg,1080,1080,180817,94.73757142832648,173.06024169921875,1
GVLiD\esca\esca149.jpg,1080,1080,372972,99.87253869255831,1100.1304931640625,1
GVLiD\esca\esca150.jpg,1080,1080,334607,120.2445474425583,781.2026977539062,1
GVLiD\esca\esca151.jpg,1080,1080,304041,95.01078039437583,820.7573852539062,1
GVLiD\esca\esca152.jpg,1080,1080,260478,98.89076565500685,482.92010498046875,1
GVLiD\esca\esca153.jpg,1080,1080,347910,102.85973367455425,856.5521240234375,1
GVLiD\esca\esca154.jpg,1080,1080,288780,85.87867265260623,568.6004028320312,1
GVLiD\esca\esca155.jpg,1080,1080,267324,116.42432120027439,688.3653564453125,1
GVLiD\esca\esca156.jpg,1080,1080,296920,138.08080106052807,563.0662841796875,1
GVLiD\esca\esca157.jpg,1080,1080,248918,109.12994198045264,308.58612060546875,1
GVLiD\esca\esca158.jpg,1080,1080,498147,152.10591522633737,1953.8802490234375,1
GVLiD\esca\esca159.jpg,1080,1080,299331,139.23880372085057,723.6842041015625,1
GVLiD\esca\esca160.jpg,1080,1080,254270,113.36373979509597,251.5565185546875,1
GVLiD\esca\esca161.jpg,1080,1080,237464,80.6299731584362,464.080810546875,1
GVLiD\esca\esca162.jpg,1080,1080,219816,113.60353662037033,294.7872619628906,1
GVLiD\esca\esca163.jpg,1080,1080,286233,111.4543216212277,603.406982421875,1
GVLiD\esca\esca164.jpg,1080,1080,282790,133.54515304183818,631.6035766601562,1
GVLiD\esca\esca165.jpg,1080,1080,250723,94.46558372342241,342.92047119140625,1
GVLiD\esca\esca166.jpg,1080,1080,412359,137.949081242284,1033.1331787109375,1
GVLiD\esca\esca167.jpg,1080,1080,248150,106.74265546467764,449.6379089355469,1
GVLiD\esca\esca168.jpg,1080,1080,217502,112.76738929441011,285.2897644042969,1
GVLiD\esca\esca169.jpg,1080,1080,253025,110.19915008058982,400.3927917480469,1
GVLiD\esca\esca170.jpg,1080,1080,255657,107.59835462448558,576.1934814453125,1
GVLiD\esca\esca171.jpg,1080,1080,268380,104.90653577331966,680.849609375,1
GVLiD\esca\esca172.jpg,1080,1080,290169,119.19948530521269,585.609130859375,1
GVLiD\esca\esca173.jpg,1080,1080,269321,87.2465217549726,1144.2215576171875,1
GVLiD\esca\esca174.jpg,1080,1080,213226,127.67569903034968,230.44406127929688,1
GVLiD\esca\esca175.jpg,1080,1080,224391,131.27009961505485,274.7720947265625,1
GVLiD\esca\esca176.jpg,1080,1080,244397,96.58345081532921,490.6799011230469,1
GVLiD\esca\esca177.jpg,1080,1080,269550,144.19737523662542,368.6874694824219,1
GVLiD\esca\esca178.jpg,1080,1080,238022,118.87463699674208,275.0112609863281,1
GVLiD\esca\esca179.jpg,1080,1080,326824,110.3743883736283,858.82421875,1
GVLiD\esca\esca180.jpg,1080,1080,345645,137.3972033779149,1217.488525390625,1
GVLiD\esca\esca181.jpg,1080,1080,354059,117.45778828275036,1013.3693237304688,1
GVLiD\esca\esca182.jpg,1080,1080,321602,116.05524897033604,973.1718139648438,1
GVLiD\esca\esca183.jpg,1080,1080,378058,113.61974326903291,1356.9654541015625,1
GVLiD\esca\esca184.jpg,1080,1080,266951,116.20789809327843,469.3381652832031,1
GVLiD\esca\esca185.jpg,1080,1080,346433,108.80750743569956,896.22216796875,1
GVLiD\esca\esca186.jpg,1080,1080,180993,110.09998590192049,117.60647583007812,1
GVLiD\esca\esca187.jpg,1080,1080,207210,73.78531916323732,397.993408203125,1
GVLiD\esca\esca188.jpg,1080,1080,329941,119.00721363082994,653.3084716796875,1
GVLiD\esca\esca189.jpg,1080,1080,265719,112.20064484653626,639.390869140625,1
GVLiD\esca\esca190.jpg,1080,1080,255279,110.59321128858028,550.4244384765625,1
GVLiD\esca\esca191.jpg,1080,1080,411366,119.28313494084365,1061.7275390625,1
GVLiD\esca\esca192.jpg,1080,1080,228515,115.56223751800414,285.7469787597656,1
GVLiD\esca\esca193.jpg,1080,1080,242314,74.13637555727021,510.0080261230469,1
GVLiD\esca\esca194.jpg,1080,1080,297433,131.21613098851168,624.2881469726562,1
GVLiD\esca\esca195.jpg,1080,1080,264160,147.60463862911527,1093.3155517578125,1
GVLiD\esca\esca196.jpg,1080,1080,329968,95.6438349356996,1053.9974365234375,1
GVLiD\esca\esca197.jpg,1080,1080,230503,102.0479242746914,260.8910827636719,1
GVLiD\esca\esca198.jpg,1080,1080,318671,135.64375276491768,589.4448852539062,1
GVLiD\esca\esca199.jpg,1080,1080,218600,118.03667592678326,303.7794189453125,1
GVLiD\esca\esca200.jpg,1080,1080,295009,115.8982411616941,657.6713256835938,1
GVLiD\esca\esca201.jpg,1080,1080,239632,137.97368435871056,444.4254150390625,1
GVLiD\esca\esca202.jpg,1080,1080,167107,118.86127642061045,130.07244873046875,1
GVLiD\esca\esca203.jpg,1080,1080,306845,144.66157330332655,486.9958190917969,1
GVLiD\esca\esca204.jpg,1080,1080,296182,124.63108569101513,791.2017211914062,1
GVLiD\esca\esca205.jpg,1080,1080,350728,121.2118875831618,702.3157958984375,1
GVLiD\esca\esca206.jpg,1080,1080,167834,124.86993583161862,196.60079956054688,1
GVLiD\esca\esca207.jpg,1080,1080,194445,102.3513780581276,235.93873596191406,1
GVLiD\esca\esca208.jpg,1080,1080,257447,120.53528838391631,391.8246154785156,1
GVLiD\esca\esca209.jpg,1080,1080,257426,115.4692892704046,467.4910888671875,1
GVLiD\esca\esca210.jpg,1080,1080,343305,130.73818597307954,884.6671142578125,1
GVLiD\esca\esca211.jpg,1080,1080,222924,96.25696453017827,288.2982482910156,1
GVLiD\esca\esca212.jpg,1080,1080,317241,143.6332732784637,547.3079833984375,1
GVLiD\esca\esca213.jpg,1080,1080,309089,115.56682715706448,883.3038940429688,1
GVLiD\esca\esca214.jpg,1080,1080,394066,123.48909719135798,1080.9384765625,1
GVLiD\esca\esca215.jpg,1080,1080,309297,118.75807574502738,800.802490234375,1
GVLiD\esca\esca216.jpg,1080,1080,321910,124.5921177949245,745.709228515625,1
GVLiD\esca\esca217.jpg,1080,1080,269129,102.36968635545266,633.76806640625,1
GVLiD\esca\esca218.jpg,1080,1080,286762,108.39422386745542,456.07086181640625,1
GVLiD\esca\esca219.jpg,1080,1080,321279,114.62917363168724,837.2322998046875,1
GVLiD\esca\esca220.jpg,1080,1080,219256,68.4914757270234,211.18106079101562,1
GVLiD\esca\esca221.jpg,1080,1080,301740,123.2572731824416,532.4758911132812,1
GVLiD\esca\esca222.jpg,1080,1080,250272,106.83725743998632,475.52197265625,1
GVLiD\esca\esca223.jpg,1080,1080,270645,92.00366871656375,592.5372314453125,1
GVLiD\esca\esca224.jpg,1080,1080,301214,123.57277034550759,469.8420715332031,1
GVLiD\esca\esca225.jpg,1080,1080,201426,120.4004377923524,319.3972473144531,1
GVLiD\esca\esca226.jpg,1080,1080,299779,92.4761903755144,480.17559814453125,1
GVLiD\esca\esca227.jpg,1080,1080,270591,128.65482328532227,540.1588745117188,1
GVLiD\esca\esca228.jpg,1080,1080,150810,130.46191707475987,104.7889175415039,1
GVLiD\esca\esca229.jpg,1080,1080,260802,101.05292155006856,553.3400268554688,1
GVLiD\esca\esca230.jpg,1080,1080,197131,85.91079844993142,341.9977722167969,1
GVLiD\esca\esca231.jpg,1080,1080,217003,129.97410264231817,306.6052551269531,1
GVLiD\esca\esca232.jpg,1080,1080,290244,109.23452610853909,717.9570922851562,1
GVLiD\esca\esca233.jpg,1080,1080,349303,119.90791766889578,1000.3587646484375,1
GVLiD\esca\esca234.jpg,1080,1080,306867,121.39844227623468,634.7695922851562,1
GVLiD\esca\esca235.jpg,1080,1080,353317,119.34294201131691,1025.48828125,1
GVLiD\esca\esca236.jpg,1080,1080,232238,146.9034181858711,200.3732147216797,1
GVLiD\esca\esca237.jpg,1080,1080,378231,121.59413611625514,980.8778076171875,1
GVLiD\esca\esca238.jpg,1080,1080,194012,108.94291941443757,197.62843322753906,1
GVLiD\esca\esca239.jpg,1080,1080,326279,110.2556186582648,719.3328857421875,1
GVLiD\esca\esca240.jpg,1080,1080,243829,105.39199243998624,360.2026672363281,1
GVLiD\esca\esca241.jpg,1080,1080,291301,134.3403576877572,563.25830078125,1
GVLiD\esca\esca242.jpg,1080,1080,234977,122.56604619255832,302.9068298339844,1
GVLiD\esca\esca243.jpg,1080,1080,260000,150.26076870541843,448.2918395996094,1
GVLiD\esca\esca244.jpg,1080,1080,240965,118.78395445216046,590.2390747070312,1
GVLiD\esca\esca245.jpg,1080,1080,198661,99.472949266118,309.1009216308594,1
GVLiD\esca\esca246.jpg,1080,1080,262257,113.7745027203361,419.0687561035156,1
GVLiD\esca\esca247.jpg,1080,1080,279109,128.6634771116255,559.9182739257812,1
GVLiD\esca\esca248.jpg,1080,1080,180256,110.01153965106309,250.74880981445312,1
GVLiD\esca\esca249.jpg,1080,1080,271650,93.014135058299,647.8182983398438,1
GVLiD\esca\esca250.jpg,1080,1080,390181,122.72931957561723,1217.15234375,1
GVLiD\esca\esca251.jpg,1080,1080,206132,144.05106923696843,199.4755401611328,1
GVLiD\esca\esca252.jpg,1080,1080,245885,135.97715366340879,405.1905212402344,1
GVLiD\esca\esca253.jpg,1080,1080,176088,130.03274726423177,113.5748519897461,1
GVLiD\esca\esca254.jpg,1080,1080,295293,126.53463942986969,767.136962890625,1
GVLiD\esca\esca255.jpg,1080,1080,299624,102.70590542266804,739.3711547851562,1
GVLiD\esca\esca256.jpg,1080,1080,357555,120.42389428155006,1100.8197021484375,1
GVLiD\esca\esca257.jpg,1080,1080,327319,103.09674063700271,764.4974365234375,1
GVLiD\esca\esca258.jpg,1080,1080,255317,115.47238734825102,425.2467346191406,1
GVLiD\esca\esca259.jpg,1080,1080,308926,124.35689734482166,859.2645874023438,1
GVLiD\esca\esca260.jpg,1080,1080,277999,86.72980033864883,593.7546997070312,1
GVLiD\esca\esca261.jpg,1080,1080,247999,128.23510901577507,400.4670104980469,1
GVLiD\esca\esca262.jpg,1080,1080,261412,123.42712278635112,493.943115234375,1
GVLiD\esca\esca263.jpg,1080,1080,254879,105.72289664266114,364.86993408203125,1
GVLiD\esca\esca264.jpg,1080,1080,220056,100.47118605624138,400.7391357421875,1
GVLiD\esca\esca265.jpg,1080,1080,250331,116.49007028806584,378.8841247558594,1
GVLiD\esca\esca266.jpg,1080,1080,240014,112.31075958590539,244.52151489257812,1
GVLiD\esca\esca267.jpg,1080,1080,270628,93.77693641803837,434.5767517089844,1
GVLiD\esca\esca268.jpg,1080,1080,209503,116.59868060699588,364.24945068359375,1
GVLiD\esca\esca269.jpg,1080,1080,244107,98.74600959876545,596.6004638671875,1
GVLiD\esca\esca270.jpg,1080,1080,318570,128.67939272376543,624.9985961914062,1
GVLiD\esca\esca271.jpg,1080,1080,272602,124.91286819615917,366.3322448730469,1
GVLiD\esca\esca272.jpg,1080,1080,212813,124.75649566358027,260.50274658203125,1
GVLiD\esca\esca273.jpg,1080,1080,240655,109.60591049811381,247.03369140625,1
GVLiD\esca\esca274.jpg,1080,1080,484032,148.26740344821678,1525.2554931640625,1
GVLiD\esca\esca275.jpg,1080,1080,222405,134.40865551954732,227.02993774414062,1
GVLiD\esca\esca276.jpg,1080,1080,272422,121.75178284550752,463.0774230957031,1
GVLiD\esca\esca277.jpg,1080,1080,298475,110.3240635005144,791.4752807617188,1
GVLiD\esca\esca278.jpg,1080,1080,277666,115.99323511316874,666.1229248046875,1
GVLiD\esca\esca279.jpg,1080,1080,236158,70.53286623885455,424.83349609375,1
GVLiD\esca\esca280.jpg,1080,1080,159690,99.81819056327163,128.71234130859375,1
GVLiD\esca\esca281.jpg,1080,1080,252693,141.4125958967764,401.5228271484375,1
GVLiD\esca\esca282.jpg,1080,1080,222376,111.00659918895747,265.6671142578125,1
GVLiD\esca\esca283.jpg,1080,1080,354041,109.98869594393005,1110.1346435546875,1
GVLiD\esca\esca284.jpg,1080,1080,260599,129.4229296587791,395.40228271484375,1
GVLiD\esca\esca285.jpg,1080,1080,224327,159.95074521347743,193.74124145507812,1
GVLiD\esca\esca286.jpg,1080,1080,214190,111.41309840877919,190.94952392578125,1
GVLiD\esca\esca287.jpg,1080,1080,354289,117.5714492163923,748.7096557617188,1
GVLiD\esca\esca288.jpg,1080,1080,148799,111.12487966049383,76.12670135498047,1
GVLiD\esca\esca289.jpg,1080,1080,259679,113.14963997599446,434.7059020996094,1
GVLiD\esca\esca290.jpg,1080,1080,261596,109.83077292095336,314.1518249511719,1
GVLiD\esca\esca291.jpg,1080,1080,301335,108.50903020747596,691.5211181640625,1
GVLiD\esca\esca292.jpg,1080,1080,310456,99.7360172608025,838.6430053710938,1
GVLiD\esca\esca293.jpg,1080,1080,228981,119.17928603737994,284.27935791015625,1
GVLiD\esca\esca294.jpg,1080,1080,176457,87.24435076560354,195.21109008789062,1
GVLiD\esca\esca295.jpg,1080,1080,212757,108.83598597479427,384.88592529296875,1
GVLiD\esca\esca296.jpg,1080,1080,288050,122.85916677383395,550.79150390625,1
GVLiD\esca\esca297.jpg,1080,1080,240881,110.29896267146775,385.7005615234375,1
GVLiD\esca\esca298.jpg,1080,1080,296234,116.78351190414949,677.7681884765625,1
GVLiD\esca\esca299.jpg,1080,1080,201213,96.42567435185187,232.5240020751953,1
GVLiD\esca\esca300.jpg,1080,1080,200177,123.68585670696157,161.51461791992188,1
GVLiD\esca\esca301.jpg,1080,1080,255066,101.55797296810701,449.33941650390625,1
GVLiD\esca\esca302.jpg,1080,1080,214384,129.40206559156377,252.8790740966797,1
GVLiD\esca\esca303.jpg,1080,1080,288385,106.96526421296299,629.0816650390625,1
GVLiD\esca\esca304.jpg,1080,1080,277524,131.05590138803163,427.11236572265625,1
GVLiD\esca\esca305.jpg,1080,1080,305887,101.44185843449935,674.13818359375,1
GVLiD\esca\esca306.jpg,1080,1080,205430,110.96746226766123,252.3317108154297,1
GVLiD\esca\esca307.jpg,1080,1080,399532,125.83922117969816,1291.4010009765625,1
GVLiD\esca\esca308.jpg,1080,1080,264523,121.44925451903299,687.9405517578125,1
GVLiD\esca\esca309.jpg,1080,1080,357157,128.00225552211936,1211.453369140625,1
GVLiD\esca\esca310.jpg,1080,1080,190995,113.80111441958158,169.7490692138672,1
GVLiD\esca\esca311.jpg,1080,1080,274995,104.4309061779835,642.5451049804688,1
GVLiD\esca\esca312.jpg,1080,1080,168117,57.40344624399864,267.666748046875,1
GVLiD\esca\esca313.jpg,1080,1080,270973,109.37936033779144,571.4578247070312,1
GVLiD\esca\esca314.jpg,1080,1080,235749,99.44524659207818,425.5836486816406,1
GVLiD\esca\esca315.jpg,1080,1080,230334,134.61995405864198,198.9475860595703,1
GVLiD\esca\esca316.jpg,1080,1080,203587,97.77821596879294,246.6530303955078,1
GVLiD\esca\esca317.jpg,1080,1080,312097,122.07373357424551,549.9119262695312,1
GVLiD\esca\esca318.jpg,1080,1080,264463,133.60881904663916,345.3601379394531,1
GVLiD\esca\esca319.jpg,1080,1080,367831,121.07712469307266,1077.9735107421875,1
GVLiD\esca\esca320.jpg,1080,1080,254092,128.93015042781218,388.6965026855469,1
GVLiD\esca\esca321.jpg,1080,1080,371889,121.65725210648152,1173.5704345703125,1
GVLiD\esca\esca322.jpg,1080,1080,282231,112.88251007373113,549.4464111328125,1
GVLiD\esca\esca323.jpg,1080,1080,212115,109.11947764831959,200.41534423828125,1
GVLiD\esca\esca324.jpg,1080,1080,259481,114.62892188614535,334.5793762207031,1
GVLiD\esca\esca325.jpg,1080,1080,275659,124.1306360819616,603.82958984375,1
GVLiD\esca\esca326.jpg,1080,1080,221835,118.60555333419066,398.7925720214844,1
GVLiD\esca\esca327.jpg,1080,1080,263548,117.2387438048697,359.50775146484375,1
GVLiD\esca\esca328.jpg,1080,1080,275596,121.92591935956791,535.2021484375,1
GVLiD\esca\esca329.jpg,1080,1080,318342,109.93128610425238,1373.021484375,1
GVLiD\esca\esca330.jpg,1080,1080,249400,135.42586145576132,254.13925170898438,1
GVLiD\esca\esca331.jpg,1080,1080,271619,110.76311270490402,516.2302856445312,1
GVLiD\esca\esca332.jpg,1080,1080,270300,108.7311831635802,644.4017333984375,1
GVLiD\esca\esca333.jpg,1080,1080,252748,113.4909765843621,454.2188720703125,1
GVLiD\esca\esca334.jpg,1080,1080,251475,122.75075841992452,428.5953674316406,1
GVLiD\esca\esca335.jpg,1080,1080,382105,111.45309999056927,1231.1986083984375,1
GVLiD\esca\esca336.jpg,1080,1080,305687,120.89279212877236,715.1282958984375,1
GVLiD\esca\esca337.jpg,1080,1080,247025,117.75545249657067,422.8330383300781,1
GVLiD\esca\esca338.jpg,1080,1080,293331,78.72852128943762,711.2965087890625,1
GVLiD\esca\esca339.jpg,1080,1080,234369,120.44627261145403,342.7083435058594,1
GVLiD\esca\esca340.jpg,1080,1080,365262,130.96721225394376,1253.2958984375,1
GVLiD\esca\esca341.jpg,1080,1080,281924,118.70859580504114,591.8714599609375,1
GVLiD\esca\esca342.jpg,1080,1080,195701,116.31490309070638,204.44760131835938,1
GVLiD\esca\esca343.jpg,1080,1080,274376,91.33709640603566,768.05078125,1
GVLiD\esca\esca344.jpg,1080,1080,276823,120.23180282493138,340.8709411621094,1
GVLiD\esca\esca345.jpg,1080,1080,277323,66.00066522633743,750.5662231445312,1
GVLiD\esca\esca346.jpg,1080,1080,312293,117.78908283779147,823.3734130859375,1
GVLiD\esca\esca347.jpg,1080,1080,281923,124.30948464077505,523.0770263671875,1
GVLiD\esca\esca348.jpg,1080,1080,146132,90.19331265603569,64.35810852050781,1
GVLiD\esca\esca349.jpg,1080,1080,324784,137.33304321330587,706.0501098632812,1
GVLiD\esca\esca350.jpg,1080,1080,278988,135.7435154955419,385.44879150390625,1
GVLiD\esca\esca351.jpg,1080,1080,148103,137.11529902006168,150.91690063476562,1
GVLiD\esca\esca352.jpg,1080,1080,209020,130.82743371056247,202.27711486816406,1
GVLiD\esca\esca353.jpg,1080,1080,339930,119.26547401834704,722.02490234375,1
GVLiD\esca\esca354.jpg,1080,1080,180401,103.10494176783266,258.8968811035156,1
GVLiD\esca\esca355.jpg,1080,1080,309627,131.4636355804184,511.2506408691406,1
GVLiD\esca\esca356.jpg,1080,1080,174938,150.5257454638203,127.59980773925781,1
GVLiD\esca\esca357.jpg,1080,1080,246306,108.67202145061732,439.78924560546875,1
GVLiD\esca\esca358.jpg,1080,1080,238300,128.46227726594648,241.31959533691406,1
GVLiD\esca\esca359.jpg,1080,1080,152778,122.7594232090192,43.708003997802734,1
GVLiD\esca\esca360.jpg,1080,1080,248711,115.4236157707476,435.2191467285156,1
GVLiD\esca\esca361.jpg,1080,1080,321294,108.84568535922497,768.9947509765625,1
GVLiD\esca\esca362.jpg,1080,1080,291783,123.98180875085731,529.0447998046875,1
GVLiD\esca\esca363.jpg,1080,1080,291745,124.05293977966389,719.0838623046875,1
GVLiD\esca\esca364.jpg,1080,1080,191880,91.84358367026752,414.1451721191406,1
GVLiD\esca\esca365.jpg,1080,1080,422974,136.1099931464335,1217.75048828125,1
GVLiD\esca\esca366.jpg,1080,1080,251914,122.79264834019203,532.5366821289062,1
GVLiD\esca\esca367.jpg,1080,1080,309095,118.80041058727707,615.1917114257812,1
GVLiD\esca\esca368.jpg,1080,1080,199448,91.73457432613172,234.4429931640625,1
GVLiD\esca\esca369.jpg,1080,1080,239097,94.69242278549379,293.749267578125,1
GVLiD\esca\esca370.jpg,1080,1080,199315,138.66213054612467,211.0682373046875,1
GVLiD\esca\esca371.jpg,1080,1080,371037,119.48978398662548,1005.28076171875,1
GVLiD\esca\esca372.jpg,1080,1080,329234,118.19640811728398,679.5770874023438,1
GVLiD\esca\esca373.jpg,1080,1080,277944,103.56706896776406,735.5916748046875,1
GVLiD\esca\esca374.jpg,1080,1080,283070,108.39393889660492,657.1127319335938,1
GVLiD\esca\esca375.jpg,1080,1080,142602,100.43328646090538,65.19932556152344,1
GVLiD\esca\esca376.jpg,1080,1080,264158,103.28068626286012,531.0099487304688,1
GVLiD\esca\esca377.jpg,1080,1080,319074,128.70715682098765,881.1061401367188,1
GVLiD\esca\esca378.jpg,1080,1080,285167,121.95511553412209,595.12060546875,1
GVLiD\esca\esca379.jpg,1080,1080,245789,122.81935017661182,328.54205322265625,1
GVLiD\esca\esca380.jpg,1080,1080,293234,114.10397481567215,560.2457885742188,1
GVLiD\esca\esca381.jpg,1080,1080,271420,123.1692922933813,631.5364990234375,1
GVLiD\esca\esca382.jpg,1080,1080,248246,101.00547715963647,490.9444580078125,1
GVLiD\esca\esca383.jpg,1080,1080,265124,129.59898546296284,326.2274475097656,1
GVLiD\esca\esca384.jpg,1080,1080,345086,121.67854750085739,910.7513427734375,1
GVLiD\esca\esca385.jpg,1080,1080,369957,146.54533734053493,1008.6226806640625,1
GVLiD\esca\esca386.jpg,1080,1080,303555,112.32280179441014,632.6458129882812,1
GVLiD\esca\esca387.jpg,1080,1080,281356,135.6768121716392,362.39453125,1
GVLiD\esca\esca388.jpg,1080,1080,242298,100.14188171210564,356.98602294921875,1
GVLiD\esca\esca389.jpg,1080,1080,265275,128.23657850308643,429.0243835449219,1
GVLiD\esca\esca390.jpg,1080,1080,395232,139.25024070987655,973.0510864257812,1
GVLiD\esca\esca391.jpg,1080,1080,375671,138.37771248113856,785.1317138671875,1
GVLiD\esca\esca392.jpg,1080,1080,263375,96.28500420096024,694.7874145507812,1
GVLiD\esca\esca393.jpg,1080,1080,258688,102.2560969170096,389.39813232421875,1
GVLiD\esca\esca394.jpg,1080,1080,174378,106.35367953360772,203.0644073486328,1
GVLiD\esca\esca395.jpg,1080,1080,190436,115.50005796124825,244.9970703125,1
GVLiD\esca\esca396.jpg,1080,1080,198891,122.5976174614197,193.14266967773438,1
GVLiD\esca\esca397.jpg,1080,1080,412319,122.63475866683811,1432.5047607421875,1
GVLiD\esca\esca398.jpg,1080,1080,225687,104.86837792266806,390.79510498046875,1
GVLiD\esca\esca399.jpg,1080,1080,210952,104.53666846279145,239.51275634765625,1
GVLiD\esca\esca400.jpg,1080,1080,184432,94.71826155264061,152.46115112304688,1
GVLiD\esca\esca401.jpg,1080,1080,279437,134.25172883230448,608.4971313476562,1
GVLiD\esca\esca402.jpg,1080,1080,243896,136.11714289694788,250.490234375,1
GVLiD\esca\esca403.jpg,1080,1080,299430,108.77493954818236,538.9197998046875,1
GVLiD\esca\esca404.jpg,1080,1080,246943,134.06510750257195,246.0905303955078,1
GVLiD\esca\esca405.jpg,1080,1080,244023,103.75570326817562,426.64556884765625,1
GVLiD\esca\esca406.jpg,1080,1080,282984,118.92399402349106,549.0199584960938,1
GVLiD\esca\esca407.jpg,1080,1080,405325,134.54023592078187,1577.060546875,1
GVLiD\esca\esca408.jpg,1080,1080,217539,97.07984948302466,357.392822265625,1
GVLiD\esca\esca409.jpg,1080,1080,287558,109.70216397290814,621.3358154296875,1
GVLiD\esca\esca410.jpg,1080,1080,269815,113.78852410836764,501.0576171875,1
GVLiD\esca\esca411.jpg,1080,1080,318161,117.68230212105625,755.713134765625,1
GVLiD\esca\esca412.jpg,1080,1080,275605,114.41000553069279,587.2431030273438,1
GVLiD\esca\esca413.jpg,1080,1080,194046,87.48908826045957,269.7079162597656,1
GVLiD\esca\esca414.jpg,1080,1080,251962,128.3118321999314,447.7987365722656,1
GVLiD\esca\esca415.jpg,1080,1080,309778,119.12444594650206,834.253173828125,1
GVLiD\esca\esca416.jpg,1080,1080,269702,124.90976819615904,495.5350341796875,1
GVLiD\esca\esca417.jpg,1080,1080,269711,120.62106082647456,398.3509216308594,1
GVLiD\esca\esca418.jpg,1080,1080,288987,107.58641967678328,491.8801574707031,1
GVLiD\esca\esca419.jpg,1080,1080,257094,107.63703533350477,401.7871398925781,1
GVLiD\esca\esca420.jpg,1080,1080,242089,114.59894164351854,377.9463806152344,1
GVLiD\esca\esca421.jpg,1080,1080,201920,125.89860438786005,182.9467010498047,1
GVLiD\esca\esca422.jpg,1080,1080,238678,100.11848753943758,506.3616027832031,1
GVLiD\esca\esca423.jpg,1080,1080,299654,102.37577548268176,764.1072998046875,1
GVLiD\esca\esca424.jpg,1080,1080,367560,138.51728062500004,776.3662109375,1
GVLiD\esca\esca425.jpg,1080,1080,254530,106.75960396690668,576.629638671875,1
GVLiD\esca\esca426.jpg,1080,1080,269963,97.2872577846365,481.0433349609375,1
GVLiD\esca\esca427.jpg,1080,1080,302483,135.28753765346363,450.33624267578125,1
GVLiD\esca\esca428.jpg,1080,1080,243252,104.47693839677645,336.81512451171875,1
GVLiD\esca\esca429.jpg,1080,1080,319496,97.45482708590539,1112.88037109375,1
GVLiD\esca\esca430.jpg,1080,1080,208764,82.84374513631684,531.607177734375,1
GVLiD\esca\esca431.jpg,1080,1080,231844,140.5633812722908,335.2579345703125,1
GVLiD\esca\esca432.jpg,1080,1080,260882,137.94898941872424,300.6574401855469,1
GVLiD\esca\esca433.jpg,1080,1080,247669,106.70624242626886,560.8273315429688,1
GVLiD\esca\esca434.jpg,1080,1080,227641,143.3114630667009,316.99871826171875,1
GVLiD\esca\esca435.jpg,1080,1080,273561,112.92346598251028,601.2931518554688,1
GVLiD\esca\esca436.jpg,1080,1080,111086,144.80639005229773,18.971019744873047,1
GVLiD\esca\esca437.jpg,1080,1080,266802,118.15056034036348,711.739013671875,1
GVLiD\esca\esca438.jpg,1080,1080,267193,139.07660692472567,500.86846923828125,1
GVLiD\esca\esca439.jpg,1080,1080,258154,97.39817828789435,432.4010314941406,1
GVLiD\esca\esca440.jpg,1080,1080,265553,130.1440942326817,421.6470642089844,1
GVLiD\esca\esca441.jpg,1080,1080,258594,107.25064036608364,382.522705078125,1
GVLiD\esca\esca442.jpg,1080,1080,218468,93.97504713220165,341.1388854980469,1
GVLiD\esca\esca443.jpg,1080,1080,208823,138.60790804183816,145.1055145263672,1
GVLiD\esca\esca444.jpg,1080,1080,269012,118.29441123628253,364.2542419433594,1
GVLiD\esca\esca445.jpg,1080,1080,217600,101.69545176268859,487.9364013671875,1
GVLiD\esca\esca446.jpg,1080,1080,268655,117.2292426920439,436.3822937011719,1
GVLiD\esca\esca447.jpg,1080,1080,272523,129.368166470336,430.7027587890625,1
GVLiD\esca\esca448.jpg,1080,1080,241160,98.27211275977363,371.67498779296875,1
GVLiD\esca\esca449.jpg,1080,1080,273791,112.5088273028121,428.0177001953125,1
GVLiD\esca\esca450.jpg,1080,1080,281119,116.82009002057607,636.7364501953125,1
GVLiD\esca\esca451.jpg,1080,1080,196076,131.72446303497944,180.92823791503906,1
GVLiD\esca\esca452.jpg,1080,1080,304100,135.33831532921803,732.498779296875,1
GVLiD\esca\esca453.jpg,1080,1080,297040,130.249402909808,633.2853393554688,1
GVLiD\esca\esca454.jpg,1080,1080,297223,113.75993627314816,452.0491638183594,1
GVLiD\esca\esca455.jpg,1080,1080,280329,121.88774030435529,659.89892578125,1
GVLiD\esca\esca456.jpg,1080,1080,187617,146.4335978703704,146.73988342285156,1
GVLiD\esca\esca457.jpg,1080,1080,278253,104.20618288151576,645.7689208984375,1
GVLiD\esca\esca458.jpg,1080,1080,308344,125.17347206875858,736.2006225585938,1
GVLiD\esca\esca459.jpg,1080,1080,252490,120.83471351337454,538.1515502929688,1
GVLiD\esca\esca460.jpg,1080,1080,258301,127.12451385545268,505.30157470703125,1
GVLiD\esca\esca461.jpg,1080,1080,234261,97.73378950874482,529.7981567382812,1
GVLiD\esca\esca462.jpg,1080,1080,262944,123.08854479852542,504.9320068359375,1
GVLiD\esca\esca463.jpg,1080,1080,205952,134.84731682698902,144.854736328125,1
GVLiD\esca\esca464.jpg,1080,1080,218563,104.8063632201646,258.8987121582031,1
GVLiD\esca\esca465.jpg,1080,1080,242535,140.87281743569957,330.42108154296875,1
GVLiD\esca\esca466.jpg,1080,1080,437117,123.75440664694791,1467.5855712890625,1
GVLiD\esca\esca467.jpg,1080,1080,189326,129.4183523568244,116.91193389892578,1
GVLiD\esca\esca468.jpg,1080,1080,263094,118.72995902091917,472.33990478515625,1
GVLiD\esca\esca469.jpg,1080,1080,195684,100.24810378429349,245.95223999023438,1
GVLiD\esca\esca470.jpg,1080,1080,216512,124.7147717361112,238.4205780029297,1
GVLiD\esca\esca471.jpg,1080,1080,236083,86.2019506541495,440.5533447265625,1
GVLiD\esca\esca472.jpg,1080,1080,307946,123.65219391032241,529.1144409179688,1
GVLiD\esca\esca473.jpg,1080,1080,271893,96.39470575617274,499.1448669433594,1
GVLiD\esca\esca474.jpg,1080,1080,354260,119.53583779063784,984.1622924804688,1
GVLiD\esca\esca475.jpg,1080,1080,201360,100.34244108024701,315.07757568359375,1
GVLiD\esca\esca476.jpg,1080,1080,241082,141.9801932124486,206.4130096435547,1
GVLiD\esca\esca477.jpg,1080,1080,244116,136.22932582218792,384.3151550292969,1
GVLiD\esca\esca478.jpg,1080,1080,208916,126.78870322616599,150.37246704101562,1
GVLiD\esca\esca479.jpg,1080,1080,314607,111.78501498885461,849.061767578125,1
GVLiD\esca\esca480.jpg,1080,1080,282435,133.04084019890263,457.4474182128906,1
GVLiD\esca\esca481.jpg,1080,1080,308267,151.80434680212622,451.19329833984375,1
GVLiD\esca\esca482.jpg,1080,1080,225159,133.7527312928669,217.5094451904297,1
GVLiD\esca\esca483.jpg,1080,1080,244529,117.44360937157066,405.5203552246094,1
GVLiD\esca\esca484.jpg,1080,1080,348273,124.71489237911518,1107.52197265625,1
GVLiD\esca\esca485.jpg,1080,1080,280419,127.10664300154315,685.163330078125,1
GVLiD\esca\esca486.jpg,1080,1080,299151,109.46074952846367,773.0782470703125,1
GVLiD\esca\esca487.jpg,1080,1080,214325,127.1534949314129,189.3330078125,1
GVLiD\esca\esca488.jpg,1080,1080,206696,105.64178842163925,188.5826416015625,1
GVLiD\esca\esca489.jpg,1080,1080,280034,79.19750727794926,1075.1533203125,1
GVLiD\esca\esca490.jpg,1080,1080,313428,120.25048076131687,802.0635375976562,1
GVLiD\esca\esca491.jpg,1080,1080,233452,99.96435320730451,388.16912841796875,1
GVLiD\esca\esca492.jpg,1080,1080,204240,102.95819828103569,388.7398986816406,1
GVLiD\esca\esca493.jpg,1080,1080,321563,119.1387589403292,644.6498413085938,1
GVLiD\esca\esca494.jpg,1080,1080,225466,134.93440751800412,333.6858825683594,1
GVLiD\esca\esca495.jpg,1080,1080,423290,150.3131535116598,1155.7939453125,1
GVLiD\esca\esca496.jpg,1080,1080,270962,101.18918219307268,798.33349609375,1
GVLiD\esca\esca497.jpg,1080,1080,285749,106.89900765775032,739.5655517578125,1
GVLiD\esca\esca498.jpg,1080,1080,239652,152.471293345336,259.9371337890625,1
GVLiD\esca\esca499.jpg,1080,1080,320505,121.04987657664611,765.71728515625,1
GVLiD\esca\esca500.jpg,1080,1080,281633,116.94143248713998,640.3123168945312,1
GVLiD\esca\esca501.jpg,1080,1080,292786,119.74582484567901,605.1507568359375,1
GVLiD\esca\esca502.jpg,1080,1080,318932,116.88833901063099,696.5466918945312,1
GVLiD\esca\esca503.jpg,1080,1080,245030,111.10464593364199,353.5555419921875,1
GVLiD\esca\esca504.jpg,1080,1080,212550,119.26869553840882,171.58261108398438,1
GVLiD\esca\esca505.jpg,1080,1080,228974,117.67104629115225,303.0079650878906,1
GVLiD\esca\esca506.jpg,1080,1080,271986,100.72079252229081,623.447021484375,1
GVLiD\esca\esca507.jpg,1080,1080,202715,90.70780275720169,253.73500061035156,1
GVLiD\esca\esca508.jpg,1080,1080,286616,127.48067279835381,795.1395263671875,1
GVLiD\esca\esca509.jpg,1080,1080,248036,122.75289573902612,458.6014404296875,1
GVLiD\esca\esca510.jpg,1080,1080,268327,139.20176262345683,492.51751708984375,1
GVLiD\esca\esca511.jpg,1080,1080,383049,102.95388634945132,1543.4420166015625,1
GVLiD\esca\esca512.jpg,1080,1080,258057,95.01465309756514,617.3582153320312,1
GVLiD\esca\esca513.jpg,1080,1080,212389,133.0829969110082,200.93846130371094,1
GVLiD\esca\esca514.jpg,1080,1080,328955,124.10337737911514,1164.150146484375,1
GVLiD\esca\esca515.jpg,1080,1080,234063,123.25228391289437,346.7823181152344,1
GVLiD\esca\esca516.jpg,1080,1080,279556,88.01759756344305,680.4093017578125,1
GVLiD\esca\esca517.jpg,1080,1080,288337,116.76374626543205,682.6739501953125,1
GVLiD\esca\esca518.jpg,1080,1080,281874,100.78599502143344,656.9782104492188,1
GVLiD\esca\esca519.jpg,1080,1080,265717,126.30577943329905,470.2304382324219,1
GVLiD\esca\esca520.jpg,1080,1080,288852,117.78893370627576,524.6431884765625,1
GVLiD\esca\esca521.jpg,1080,1080,273773,134.02823832733202,485.3082580566406,1
GVLiD\esca\esca522.jpg,1080,1080,358651,150.0196399134087,932.93212890625,1
GVLiD\esca\esca523.jpg,1080,1080,286074,96.85612276234573,757.1326293945312,1
GVLiD\esca\esca524.jpg,1080,1080,256693,121.21978277091895,401.67083740234375,1
GVLiD\esca\esca525.jpg,1080,1080,265717,116.53207272462271,367.02606201171875,1
GVLiD\esca\esca526.jpg,1080,1080,250030,144.76227854766802,287.35107421875,1
GVLiD\esca\esca527.jpg,1080,1080,189121,152.24921034979423,153.7456512451172,1
GVLiD\esca\esca528.jpg,1080,1080,273961,97.50752882287377,545.1058349609375,1
GVLiD\esca\esca529.jpg,1080,1080,285755,127.69507041152265,587.2061767578125,1
GVLiD\esca\esca530.jpg,1080,1080,253744,102.43977209533612,649.9371948242188,1
GVLiD\esca\esca531.jpg,1080,1080,316025,115.63775747942393,726.0492553710938,1
GVLiD\esca\esca532.jpg,1080,1080,266003,105.87560135459532,711.9612426757812,1
GVLiD\esca\esca533.jpg,1080,1080,252692,100.01615259087791,530.7705078125,1
GVLiD\esca\esca534.jpg,1080,1080,221691,115.3239024451303,269.5928039550781,1
GVLiD\esca\esca535.jpg,1080,1080,300613,123.75196261402606,615.8388671875,1
GVLiD\esca\esca536.jpg,1080,1080,268324,134.0804849605624,367.1329040527344,1
GVLiD\esca\esca537.jpg,1080,1080,229704,92.88798847908096,386.718994140625,1
GVLiD\esca\esca538.jpg,1080,1080,191882,105.86916376886141,199.7904510498047,1
GVLiD\esca\esca539.jpg,1080,1080,268820,141.91136376714678,457.6215515136719,1
GVLiD\esca\esca540.jpg,1080,1080,301729,111.24396053583682,586.5025024414062,1
GVLiD\esca\esca541.jpg,1080,1080,268272,81.96807097136488,843.9576416015625,1
GVLiD\esca\esca542.jpg,1080,1080,353079,144.14053158521943,783.6884765625,1
GVLiD\esca\esca543.jpg,1080,1080,299032,143.7209558427641,464.38092041015625,1
GVLiD\esca\esca544.jpg,1080,1080,170243,106.66208473336762,146.68093872070312,1
GVLiD\esca\esca545.jpg,1080,1080,302066,95.4932699837106,765.4800415039062,1
GVLiD\esca\esca546.jpg,1080,1080,292769,112.61866398062415,625.531005859375,1
GVLiD\esca\esca547.jpg,1080,1080,176076,96.62993885802467,176.2917022705078,1
GVLiD\esca\esca548.jpg,1080,1080,296555,117.89278220507542,647.6137084960938,1
GVLiD\esca\esca549.jpg,1080,1080,341844,103.66484112740056,779.3659057617188,1
GVLiD\esca\esca550.jpg,1080,1080,267850,131.62790055126888,628.629150390625,1
GVLiD\esca\esca551.jpg,1080,1080,277800,120.17691897119346,479.4919738769531,1
GVLiD\esca\esca552.jpg,1080,1080,244008,125.795453582819,357.9371337890625,1
GVLiD\esca\esca553.jpg,1080,1080,252916,126.22358186042524,384.66729736328125,1
GVLiD\esca\esca554.jpg,1080,1080,148664,91.40350318844304,134.80218505859375,1
GVLiD\esca\esca555.jpg,1080,1080,309605,101.18049306755827,829.282470703125,1
GVLiD\esca\esca556.jpg,1080,1080,298994,114.56846748799724,628.59228515625,1
GVLiD\esca\esca557.jpg,1080,1080,277957,113.76179090706448,477.8020324707031,1
GVLiD\esca\esca558.jpg,1080,1080,232562,123.15119295267496,415.7393493652344,1
GVLiD\esca\esca559.jpg,1080,1080,215740,110.02422792695472,332.83056640625,1
GVLiD\esca\esca560.jpg,1080,1080,319768,123.20369364454734,751.7471313476562,1
GVLiD\esca\esca561.jpg,1080,1080,256632,131.32131563014397,343.600830078125,1
GVLiD\esca\esca562.jpg,1080,1080,228532,109.86515940414948,420.0028076171875,1
GVLiD\esca\esca563.jpg,1080,1080,244579,114.18485599194102,421.9376220703125,1
GVLiD\esca\esca564.jpg,1080,1080,184157,147.9572439694787,160.90524291992188,1
GVLiD\esca\esca565.jpg,1080,1080,352725,110.05378561213988,799.3327026367188,1
GVLiD\esca\esca566.jpg,1080,1080,325371,118.7872394641632,649.938720703125,1
GVLiD\esca\esca567.jpg,1080,1080,263420,132.95526095421812,419.9376525878906,1
GVLiD\esca\esca568.jpg,1080,1080,352274,144.4614120156035,828.3822631835938,1
GVLiD\esca\esca569.jpg,1080,1080,309706,122.55962483967765,1059.4964599609375,1
GVLiD\esca\esca570.jpg,1080,1080,308616,154.65954222479422,527.0613403320312,1
GVLiD\esca\esca571.jpg,1080,1080,195181,113.5009397179356,164.02499389648438,1
GVLiD\esca\esca572.jpg,1080,1080,203716,99.5388626654664,343.1913757324219,1
GVLiD\esca\esca573.jpg,1080,1080,204774,91.79753412980108,246.50027465820312,1
GVLiD\esca\esca574.jpg,1080,1080,319761,129.32781999056925,880.9129028320312,1
GVLiD\esca\esca575.jpg,1080,1080,245223,110.6051711136831,403.19677734375,1
GVLiD\esca\esca576.jpg,1080,1080,189557,90.25066549125515,267.22021484375,1
GVLiD\esca\esca577.jpg,1080,1080,260054,117.02557452246225,418.5429992675781,1
GVLiD\esca\esca578.jpg,1080,1080,151689,74.17439653120717,197.6728973388672,1
GVLiD\esca\esca579.jpg,1080,1080,275484,95.72084416580934,565.1433715820312,1
GVLiD\esca\esca580.jpg,1080,1080,326213,127.63801528635106,911.7000732421875,1
GVLiD\esca\esca581.jpg,1080,1080,276502,133.24587561642656,525.50341796875,1
GVLiD\esca\esca582.jpg,1080,1080,261809,151.78451412208506,284.06884765625,1
GVLiD\esca\esca583.jpg,1080,1080,310033,132.93520625257204,603.610595703125,1
GVLiD\esca\esca584.jpg,1080,1080,252247,96.91579740740735,427.007568359375,1
GVLiD\esca\esca585.jpg,1080,1080,192485,105.05619660322358,191.37887573242188,1
GVLiD\esca\esca586.jpg,1080,1080,288062,119.98721106481484,526.251220703125,1
GVLiD\esca\esca587.jpg,1080,1080,360834,127.82316555384092,723.8765869140625,1
GVLiD\esca\esca588.jpg,1080,1080,175756,100.26572292952675,137.395263671875,1
GVLiD\esca\esca589.jpg,1080,1080,124345,76.35902272805214,33.42958068847656,1
GVLiD\esca\esca590.jpg,1080,1080,288219,127.44425658350475,538.5506591796875,1
GVLiD\esca\esca591.jpg,1080,1080,375271,99.57469415723598,1384.000732421875,1
GVLiD\esca\esca592.jpg,1080,1080,262084,121.08434016460903,406.7498779296875,1
GVLiD\esca\esca593.jpg,1080,1080,272045,128.11840681755837,369.0254821777344,1
GVLiD\esca\esca594.jpg,1080,1080,219309,138.91464448902607,180.97242736816406,1
GVLiD\esca\esca595.jpg,1080,1080,240858,114.26736700017148,430.1009521484375,1
GVLiD\esca\esca596.jpg,1080,1080,306607,133.1398783367627,511.6883544921875,1
GVLiD\esca\esca597.jpg,1080,1080,264847,100.72925948816875,469.2343444824219,1
GVLiD\esca\esca598.jpg,1080,1080,380021,117.47141439471882,1155.6444091796875,1
GVLiD\esca\esca599.jpg,1080,1080,282603,111.18685721965021,578.9287719726562,1
GVLiD\esca\esca600.jpg,1080,1080,324340,128.9065553635117,975.3596801757812,1
GVLiD\esca\esca601.jpg,1080,1080,215474,123.07055990655013,393.9180908203125,1
GVLiD\esca\esca602.jpg,1080,1080,269913,117.63406153549383,420.64111328125,1
GVLiD\esca\esca603.jpg,1080,1080,258417,126.50849005915633,332.4619140625,1
GVLiD\esca\esca604.jpg,1080,1080,312930,140.2059261402606,581.7935791015625,1
GVLiD\esca\esca605.jpg,1080,1080,306428,119.25687054183814,609.9046020507812,1
GVLiD\esca\esca606.jpg,1080,1080,337570,94.56104681841568,949.9885864257812,1
GVLiD\esca\esca607.jpg,1080,1080,288518,103.19576634430729,754.1551513671875,1
GVLiD\esca\esca608.jpg,1080,1080,204276,121.90066867541154,193.02157592773438,1
GVLiD\esca\esca609.jpg,1080,1080,305024,121.93223020833338,590.5115966796875,1
GVLiD\esca\esca610.jpg,1080,1080,310467,111.09394804526748,1007.396240234375,1
GVLiD\esca\esca611.jpg,1080,1080,333662,130.18246679098078,1114.9842529296875,1
GVLiD\esca\esca612.jpg,1080,1080,310838,134.671755936214,577.6795043945312,1
GVLiD\esca\esca613.jpg,1080,1080,186317,90.33234752143345,233.57626342773438,1
GVLiD\esca\esca614.jpg,1080,1080,285789,113.35598563271601,540.615234375,1
GVLiD\esca\esca615.jpg,1080,1080,279300,113.08524669495885,675.1697387695312,1
GVLiD\esca\esca616.jpg,1080,1080,205778,110.08294709362143,215.42930603027344,1
GVLiD\esca\esca617.jpg,1080,1080,314438,133.61308475137167,802.9857177734375,1
GVLiD\esca\esca618.jpg,1080,1080,300340,136.00754092078193,749.192138671875,1
GVLiD\esca\esca619.jpg,1080,1080,308127,93.16475980024009,760.6466674804688,1
GVLiD\esca\esca620.jpg,1080,1080,243343,119.49406889060356,313.0445556640625,1
GVLiD\esca\esca621.jpg,1080,1080,263294,123.1833736874143,360.2990417480469,1
GVLiD\esca\esca622.jpg,1080,1080,324552,110.27674147119345,1207.7625732421875,1
GVLiD\esca\esca623.jpg,1080,1080,217577,117.92636404749658,246.04795837402344,1
GVLiD\esca\esca624.jpg,1080,1080,154103,122.91922186985592,77.14766693115234,1
GVLiD\esca\esca625.jpg,1080,1080,252264,106.80952794581619,546.6414184570312,1
GVLiD\esca\esca626.jpg,1080,1080,269611,142.91588298182444,339.15179443359375,1
GVLiD\esca\esca627.jpg,1080,1080,163095,154.6049611522634,90.85453033447266,1
GVLiD\esca\esca628.jpg,1080,1080,153942,119.4406517498285,83.8064956665039,1
GVLiD\esca\esca629.jpg,1080,1080,159225,89.2689088751714,147.42742919921875,1
GVLiD\esca\esca630.jpg,1080,1080,178620,93.47237287379973,145.59715270996094,1
GVLiD\esca\esca631.jpg,1080,1080,214712,134.49690942472566,274.3589172363281,1
GVLiD\esca\esca632.jpg,1080,1080,151863,140.12670872685183,73.5859375,1
GVLiD\esca\esca633.jpg,1080,1080,130246,100.37662487397118,86.97681427001953,1
GVLiD\esca\esca634.jpg,1080,1080,134661,114.29625772119337,62.028751373291016,1
GVLiD\esca\esca635.jpg,1080,1080,164689,153.9730787542866,116.1125259399414,1
GVLiD\esca\esca636.jpg,1080,1080,174096,90.73550477280521,109.78044891357422,1
GVLiD\esca\esca637.jpg,1080,1080,157239,103.19751925411526,109.43605041503906,1
GVLiD\esca\esca638.jpg,1080,1080,135407,130.98373365826475,47.160430908203125,1
GVLiD\esca\esca639.jpg,1080,1080,186962,131.75198262602882,141.22149658203125,1
GVLiD\esca\esca640.jpg,1080,1080,169767,127.38304058984913,88.01402282714844,1
GVLiD\esca\esca641.jpg,1080,1080,144254,85.88689350737312,113.03472137451172,1
GVLiD\esca\esca642.jpg,1080,1080,135257,143.300409040638,34.49916458129883,1
GVLiD\esca\esca643.jpg,1080,1080,153761,110.99730392318239,83.7696762084961,1
GVLiD\esca\esca644.jpg,1080,1080,208433,115.03198368312758,245.82070922851562,1
GVLiD\esca\esca645.jpg,1080,1080,137527,103.52445348251027,64.65778350830078,1
GVLiD\esca\esca646.jpg,1080,1080,139163,98.11474007544584,66.21170043945312,1
GVLiD\esca\esca647.jpg,1080,1080,178667,130.30451547753768,147.904296875,1
GVLiD\esca\esca648.jpg,1080,1080,142697,82.68448772976677,75.20916748046875,1
GVLiD\esca\esca649.jpg,1080,1080,195685,108.97817258573386,191.29937744140625,1
GVLiD\esca\esca650.jpg,1080,1080,210351,143.18480501200284,259.1527099609375,1
GVLiD\esca\esca651.jpg,1080,1080,144602,98.55139274862832,89.78656005859375,1
GVLiD\esca\esca652.jpg,1080,1080,152268,111.21549871999312,68.9476089477539,1
GVLiD\esca\esca653.jpg,1080,1080,158728,91.89892088048695,131.6898193359375,1
GVLiD\esca\esca654.jpg,1080,1080,170516,103.35735198130998,178.95999145507812,1
GVLiD\esca\esca655.jpg,1080,1080,171557,94.68170477794925,175.4059600830078,1
GVLiD\esca\esca656.jpg,1080,1080,162301,110.03282997342252,89.5392074584961,1
GVLiD\esca\esca657.jpg,1080,1080,130171,104.63702419324414,55.001522064208984,1
GVLiD\esca\esca658.jpg,1080,1080,163598,111.07891012774346,111.08210754394531,1
GVLiD\esca\esca659.jpg,1080,1080,105018,92.3867066032236,15.133238792419434,1
GVLiD\esca\esca660.jpg,1080,1080,205710,146.42830046810695,237.53509521484375,1
GVLiD\esca\esca661.jpg,1080,1080,161809,105.87698225137171,146.9279327392578,1
GVLiD\esca\esca662.jpg,1080,1080,132164,125.371862758059,49.355072021484375,1
GVLiD\esca\esca663.jpg,1080,1080,154954,124.04647216820992,74.11622619628906,1
GVLiD\esca\esca664.jpg,1080,1080,164853,150.87633501628943,113.9030532836914,1
GVLiD\esca\esca665.jpg,1080,1080,114447,105.48028712705761,36.04981994628906,1
GVLiD\esca\esca666.jpg,1080,1080,152178,163.98091021862143,57.740684509277344,1
GVLiD\esca\esca667.jpg,1080,1080,152322,155.3669647753772,74.59963989257812,1
GVLiD\esca\esca668.jpg,1080,1080,164725,107.02386987740054,132.34756469726562,1
GVLiD\esca\esca669.jpg,1080,1080,138763,94.96679711934159,62.72917175292969,1
GVLiD\esca\esca670.jpg,1080,1080,121619,99.44104844564474,33.03908920288086,1
GVLiD\esca\esca671.jpg,1080,1080,155536,142.49891840277772,81.71623992919922,1
GVLiD\esca\esca672.jpg,1080,1080,136531,150.30598266975295,68.43669891357422,1
GVLiD\esca\esca673.jpg,1080,1080,146971,125.55640000685868,55.96067428588867,1
GVLiD\esca\esca674.jpg,1080,1080,146653,130.95170923353913,67.9118881225586,1
GVLiD\esca\esca675.jpg,1080,1080,110646,107.9950445584705,26.139616012573242,1
GVLiD\esca\esca676.jpg,1080,1080,158847,106.01946497599455,96.57623291015625,1
GVLiD\esca\esca677.jpg,1080,1080,180895,114.72424719907411,197.3242645263672,1
GVLiD\esca\esca678.jpg,1080,1080,147251,89.69065273576818,77.30931854248047,1
GVLiD\esca\esca679.jpg,1080,1080,194411,133.83358932527435,164.0057830810547,1
GVLiD\esca\esca680.jpg,1080,1080,150307,97.39568767746916,77.21543884277344,1
GVLiD\esca\esca681.jpg,1080,1080,151256,66.48259373456791,134.14785766601562,1
GVLiD\esca\esca682.jpg,1080,1080,144002,90.38237259259255,82.12090301513672,1
GVLiD\esca\esca683.jpg,1080,1080,116708,101.27338188871748,55.00056076049805,1
GVLiD\esca\esca684.jpg,1080,1080,140797,133.00615588906038,57.148712158203125,1
GVLiD\esca\esca685.jpg,1080,1080,123890,162.1692340646434,26.719606399536133,1
GVLiD\esca\esca686.jpg,1080,1080,151542,110.35656189214674,75.82906341552734,1
GVLiD\esca\esca687.jpg,1080,1080,131967,94.12577704989707,44.78894805908203,1
GVLiD\esca\esca688.jpg,1080,1080,153927,101.85601145404668,89.22667694091797,1
GVLiD\esca\esca689.jpg,1080,1080,149036,107.71934886316868,84.8206558227539,1
GVLiD\esca\esca690.jpg,1080,1080,148569,90.23389080589848,116.1160659790039,1
GVLiD\esca\esca691.jpg,1080,1080,153399,142.23233644975983,87.59990692138672,1
GVLiD\esca\esca692.jpg,1080,1080,168839,134.92888597050754,127.46833801269531,1
GVLiD\esca\esca693.jpg,1080,1080,144096,91.99246928326465,74.3302001953125,1
GVLiD\esca\esca694.jpg,1080,1080,154703,140.3113423328189,73.57000732421875,1
GVLiD\esca\esca695.jpg,1080,1080,180942,137.27135711762685,146.50216674804688,1
GVLiD\esca\esca696.jpg,1080,1080,153546,104.89235642832652,116.7577896118164,1
GVLiD\esca\esca697.jpg,1080,1080,189277,145.78940654492453,162.7900848388672,1
GVLiD\esca\esca698.jpg,1080,1080,165087,117.68821177897809,139.36866760253906,1
GVLiD\esca\esca699.jpg,1080,1080,180421,129.7690004998286,165.89227294921875,1
GVLiD\esca\esca700.jpg,1080,1080,193200,143.2422114188957,188.5223388671875,1
GVLiD\esca\esca701.jpg,1080,1080,137110,98.39277571930717,88.17090606689453,1
GVLiD\esca\esca702.jpg,1080,1080,180959,132.750426313443,184.16995239257812,1
GVLiD\esca\esca703.jpg,1080,1080,167071,111.62387712791494,173.25747680664062,1
GVLiD\esca\esca704.jpg,1080,1080,168555,144.8499191152263,132.2244415283203,1
GVLiD\esca\esca705.jpg,1080,1080,184643,144.18400045438955,207.9738311767578,1
GVLiD\esca\esca706.jpg,1080,1080,141966,108.59502888888882,63.08872985839844,1
GVLiD\esca\esca707.jpg,1080,1080,151611,123.59448811042525,88.51920318603516,1
GVLiD\esca\esca708.jpg,1080,1080,177072,128.41352651234564,126.17253875732422,1
GVLiD\esca\esca709.jpg,1080,1080,130572,100.91378534636489,60.92002868652344,1
GVLiD\esca\esca710.jpg,1080,1080,154809,137.39211054869685,86.85523986816406,1
GVLiD\esca\esca711.jpg,1080,1080,171559,101.10373617712617,131.63803100585938,1
GVLiD\esca\esca712.jpg,1080,1080,181405,88.74506787980113,152.76353454589844,1
GVLiD\esca\esca713.jpg,1080,1080,155568,126.44822815243487,76.55525970458984,1
GVLiD\esca\esca714.jpg,1080,1080,128548,154.88939496742108,40.4531135559082,1
GVLiD\esca\esca715.jpg,1080,1080,174433,122.79070715792179,125.13685607910156,1
GVLiD\esca\esca716.jpg,1080,1080,213288,110.0942744135802,253.83187866210938,1
GVLiD\esca\esca717.jpg,1080,1080,175580,104.23035336848423,164.00234985351562,1
GVLiD\esca\esca718.jpg,1080,1080,152763,105.15311644890254,116.04608917236328,1
GVLiD\esca\esca719.jpg,1080,1080,180616,155.63215198559675,173.149169921875,1
GVLiD\esca\esca720.jpg,1080,1080,183550,144.2279182201646,164.7882537841797,1
GVLiD\esca\esca721.jpg,1080,1080,170675,102.91281245541836,187.47344970703125,1
GVLiD\esca\esca722.jpg,1080,1080,216106,134.38682300325786,255.87440490722656,1
GVLiD\esca\esca723.jpg,1080,1080,209386,127.28397478309326,259.56939697265625,1
GVLiD\esca\esca724.jpg,1080,1080,204499,130.0580354723937,186.01199340820312,1
GVLiD\esca\esca725.jpg,1080,1080,182770,110.08538277949252,202.0537109375,1
GVLiD\esca\esca726.jpg,1080,1080,242654,141.41756554098072,384.6325378417969,1
GVLiD\esca\esca727.jpg,1080,1080,216833,127.50110227109049,343.6809387207031,1
GVLiD\esca\esca728.jpg,1080,1080,208940,84.23862236196848,413.89361572265625,1
GVLiD\esca\esca729.jpg,1080,1080,178942,111.45854745198903,163.09962463378906,1
GVLiD\esca\esca730.jpg,1080,1080,219180,111.2666157690329,326.0938415527344,1
GVLiD\esca\esca731.jpg,1080,1080,185941,152.5728093415639,169.0970916748047,1
GVLiD\esca\esca732.jpg,1080,1080,181079,134.81326316615224,174.32159423828125,1
GVLiD\esca\esca733.jpg,1080,1080,131142,116.87493848851165,134.01776123046875,1
GVLiD\esca\esca734.jpg,1080,1080,158128,76.69543061728392,141.65853881835938,1
GVLiD\esca\esca735.jpg,1080,1080,245825,142.86328061299722,309.6006774902344,1
GVLiD\esca\esca736.jpg,1080,1080,237631,138.10321219993133,405.4212646484375,1
GVLiD\esca\esca737.jpg,1080,1080,182985,103.3441538468793,213.3736572265625,1
GVLiD\esca\esca738.jpg,1080,1080,220269,124.27487452246228,332.7285461425781,1
GVLiD\esca\esca739.jpg,1080,1080,164502,120.26560351080248,84.50895690917969,1
GVLiD\esca\esca740.jpg,1080,1080,164897,103.36937233453354,153.23486328125,1
GVLiD\esca\esca741.jpg,1080,1080,180849,113.0459304286694,246.7306671142578,1
GVLiD\esca\esca742.jpg,1080,1080,214781,130.84079986882713,255.7769775390625,1
GVLiD\esca\esca743.jpg,1080,1080,160902,140.39772950788756,99.24828338623047,1
GVLiD\esca\esca744.jpg,1080,1080,205894,100.58130187585732,245.8291015625,1
GVLiD\esca\esca745.jpg,1080,1080,219588,126.659149941701,281.66363525390625,1
GVLiD\esca\esca746.jpg,1080,1080,158773,81.90619256344308,168.1666259765625,1
GVLiD\esca\esca747.jpg,1080,1080,212362,90.9416438605967,281.8946533203125,1
GVLiD\esca\esca748.jpg,1080,1080,300552,162.34448227623452,653.6097412109375,1
GVLiD\esca\esca749.jpg,1080,1080,146610,146.2761060433813,188.57164001464844,1
GVLiD\esca\esca750.jpg,1080,1080,161412,78.11545064128941,99.05262756347656,1
GVLiD\esca\esca751.jpg,1080,1080,240430,151.65372941358018,285.3869323730469,1
GVLiD\esca\esca752.jpg,1080,1080,180274,90.45200714334707,190.6767120361328,1
GVLiD\esca\esca753.jpg,1080,1080,170811,100.95714346879282,420.9286804199219,1
GVLiD\esca\esca754.jpg,1080,1080,230705,113.03591201131692,319.8382568359375,1
GVLiD\esca\esca755.jpg,1080,1080,130168,97.74756874228397,139.25482177734375,1
GVLiD\esca\esca756.jpg,1080,1080,210698,111.59095871056245,208.59783935546875,1
GVLiD\esca\esca757.jpg,1080,1080,265753,120.36891186471196,423.19744873046875,1
GVLiD\esca\esca758.jpg,1080,1080,141194,62.73590041409465,141.20867919921875,1
GVLiD\esca\esca759.jpg,1080,1080,208460,87.09260042352538,309.42071533203125,1
GVLiD\esca\esca760.jpg,1080,1080,216032,134.75738091906715,215.63966369628906,1
GVLiD\esca\esca761.jpg,1080,1080,190538,148.97989476508917,139.51776123046875,1
GVLiD\esca\esca762.jpg,1080,1080,259101,147.55564210390952,327.2109375,1
GVLiD\esca\esca763.jpg,1080,1080,184740,105.10357008573386,145.53045654296875,1
GVLiD\esca\esca764.jpg,1080,1080,193539,141.7857113365912,178.49327087402344,1
GVLiD\esca\esca765.jpg,1080,1080,221405,114.57137162294232,365.216064453125,1
GVLiD\esca\esca766.jpg,1080,1080,220035,128.29689932698895,298.12322998046875,1
GVLiD\esca\esca767.jpg,1080,1080,210274,134.99082413837448,253.35308837890625,1
GVLiD\esca\esca768.jpg,1080,1080,196902,123.5774187225652,232.0895538330078,1
GVLiD\esca\esca769.jpg,1080,1080,184290,110.55939320473253,128.69232177734375,1
GVLiD\esca\esca770.jpg,1080,1080,241908,156.521337980967,264.5423278808594,1
GVLiD\esca\esca771.jpg,1080,1080,198118,106.52060491683817,152.4902801513672,1
GVLiD\esca\esca772.jpg,1080,1080,181926,98.24244491426609,232.54046630859375,1
GVLiD\esca\esca773.jpg,1080,1080,204618,123.280991404321,266.3272705078125,1
GVLiD\esca\esca774.jpg,1080,1080,230883,134.5321913151577,355.49298095703125,1
GVLiD\esca\esca775.jpg,1080,1080,218580,120.85540169667355,273.3727111816406,1
GVLiD\esca\esca776.jpg,1080,1080,180348,82.70176162551445,128.28904724121094,1
GVLiD\esca\esca777.jpg,1080,1080,175627,95.8545396364883,129.40135192871094,1
GVLiD\esca\esca778.jpg,1080,1080,146306,79.60121706361454,110.28620147705078,1
GVLiD\esca\esca779.jpg,1080,1080,202920,110.58368289008918,221.53285217285156,1
GVLiD\esca\esca780.jpg,1080,1080,129880,101.35108299554184,63.62623596191406,1
GVLiD\esca\esca781.jpg,1080,1080,163646,89.18728212534289,113.69810485839844,1
GVLiD\esca\esca782.jpg,1080,1080,186204,128.7137023131001,141.63360595703125,1
GVLiD\esca\esca783.jpg,1080,1080,292858,157.42748955932785,534.3283081054688,1
GVLiD\esca\esca784.jpg,1080,1080,129560,52.016339600480094,75.16825866699219,1
GVLiD\esca\esca785.jpg,1080,1080,226005,123.67687845936211,261.7455139160156,1
GVLiD\esca\esca786.jpg,1080,1080,200464,101.78639083161865,239.43495178222656,1
GVLiD\esca\esca787.jpg,1080,1080,214858,103.08327876714681,331.7961730957031,1
GVLiD\esca\esca788.jpg,1080,1080,204877,101.02036903978048,263.31292724609375,1
GVLiD\esca\esca789.jpg,1080,1080,186637,100.9410233239026,212.0117950439453,1
GVLiD\esca\esca790.jpg,1080,1080,171213,135.32004513545962,112.79491424560547,1
GVLiD\esca\esca791.jpg,1080,1080,185010,103.85097713563101,174.84783935546875,1
GVLiD\esca\esca792.jpg,1080,1080,265873,135.96974430727016,500.41400146484375,1
GVLiD\esca\esca793.jpg,1080,1080,157783,113.354503858882,183.32208251953125,1
GVLiD\esca\esca794.jpg,1080,1080,138245,93.225647502572,129.11375427246094,1
GVLiD\esca\esca795.jpg,1080,1080,143501,90.8647358813443,118.64894104003906,1
GVLiD\esca\esca796.jpg,1080,1080,151083,135.7103427331961,62.635032653808594,1
GVLiD\esca\esca797.jpg,1080,1080,172398,126.51951242884093,113.1182632446289,1
GVLiD\esca\esca798.jpg,1080,1080,164068,102.79979711334018,155.5762481689453,1
GVLiD\esca\esca799.jpg,1080,1080,182076,120.10843940843617,354.3559265136719,1
GVLiD\esca\esca800.jpg,1080,1080,169492,147.02343932527438,87.75411987304688,1
GVLiD\esca\esca801.jpg,1080,1080,227287,121.9146909250686,380.9891052246094,1
GVLiD\esca\esca802.jpg,1080,1080,182735,111.06143539694793,189.5183868408203,1
GVLiD\esca\esca803.jpg,1080,1080,179843,63.40755878858024,235.52110290527344,1
GVLiD\esca\esca804.jpg,1080,1080,163683,121.96805330504118,82.19161224365234,1
GVLiD\esca\esca805.jpg,1080,1080,200114,87.76722723079564,366.2716979980469,1
GVLiD\esca\esca806.jpg,1080,1080,196382,112.92994111025381,256.298583984375,1
GVLiD\esca\esca807.jpg,1080,1080,185763,138.4332285656722,200.28285217285156,1
GVLiD\esca\esca808.jpg,1080,1080,216006,122.01989567215361,260.7387390136719,1
GVLiD\esca\esca809.jpg,1080,1080,130827,111.44911540980797,144.11611938476562,1
GVLiD\esca\esca810.jpg,1080,1080,191336,137.92794352623454,151.86569213867188,1
GVLiD\esca\esca811.jpg,1080,1080,160238,110.42554705675578,139.84519958496094,1
GVLiD\esca\esca812.jpg,1080,1080,190927,106.84607082990401,232.0409393310547,1
GVLiD\esca\esca813.jpg,1080,1080,177318,123.52318676097393,146.47921752929688,1
GVLiD\esca\esca814.jpg,1080,1080,260672,146.88121640432095,414.693603515625,1
GVLiD\esca\esca815.jpg,1080,1080,148119,130.4588408624828,149.96923828125,1
GVLiD\esca\esca816.jpg,1080,1080,130386,99.40161964077507,71.90383911132812,1
GVLiD\esca\esca817.jpg,1080,1080,219751,115.39316621999316,315.0551452636719,1
GVLiD\esca\esca818.jpg,1080,1080,197032,108.60802609653634,195.689208984375,1
GVLiD\esca\esca819.jpg,1080,1080,173643,111.288070202332,259.3912353515625,1
GVLiD\esca\esca820.jpg,1080,1080,179936,117.37817051440334,174.8802032470703,1
GVLiD\esca\esca821.jpg,1080,1080,165908,120.46279255658432,105.40251159667969,1
GVLiD\esca\esca822.jpg,1080,1080,187268,110.55763803497939,182.60812377929688,1
GVLiD\esca\esca823.jpg,1080,1080,240017,152.69513274348424,300.061279296875,1
GVLiD\esca\esca824.jpg,1080,1080,245769,159.75559248971197,282.4126892089844,1
GVLiD\esca\esca825.jpg,1080,1080,190101,136.2794908624829,236.6899871826172,1
GVLiD\esca\esca826.jpg,1080,1080,160385,141.25165936642668,87.41548156738281,1
GVLiD\esca\esca827.jpg,1080,1080,194632,112.49714736711248,207.80758666992188,1
GVLiD\esca\esca828.jpg,1080,1080,273944,148.42912185099448,668.339599609375,1
GVLiD\esca\esca829.jpg,1080,1080,199652,121.02562595764739,217.16940307617188,1
GVLiD\esca\esca830.jpg,1080,1080,176030,116.5370552374828,138.40011596679688,1
GVLiD\esca\esca831.jpg,1080,1080,193027,105.02004413751715,314.7351989746094,1
GVLiD\esca\esca832.jpg,1080,1080,231336,145.6272059533608,240.03550720214844,1
GVLiD\esca\esca833.jpg,1080,1080,194310,150.48592762602885,140.21530151367188,1
GVLiD\esca\esca834.jpg,1080,1080,163092,102.8100782596022,126.20854949951172,1
GVLiD\esca\esca835.jpg,1080,1080,209303,83.86992234996568,429.5841369628906,1
GVLiD\esca\esca836.jpg,1080,1080,123602,110.62529799639915,162.57501220703125,1
GVLiD\esca\esca837.jpg,1080,1080,166302,135.62274943329902,95.68558502197266,1
GVLiD\esca\esca838.jpg,1080,1080,191533,111.78372065672156,168.6366729736328,1
GVLiD\esca\esca839.jpg,1080,1080,181232,106.32327180469822,210.3838348388672,1
GVLiD\esca\esca840.jpg,1080,1080,143239,87.31669481567214,79.35665130615234,1
GVLiD\esca\esca841.jpg,1080,1080,261137,115.57281216820985,516.62939453125,1
GVLiD\esca\esca842.jpg,1080,1080,131300,62.581045593278475,129.37472534179688,1
GVLiD\esca\esca843.jpg,1080,1080,231183,134.7326653094993,291.00653076171875,1
GVLiD\esca\esca844.jpg,1080,1080,189270,101.34357420353223,175.20928955078125,1
GVLiD\esca\esca845.jpg,1080,1080,205348,115.09046956275719,220.3040771484375,1
GVLiD\esca\esca846.jpg,1080,1080,165638,116.38951680126893,119.37844848632812,1
GVLiD\esca\esca847.jpg,1080,1080,175705,156.0554447959534,115.16035461425781,1
GVLiD\esca\esca848.jpg,1080,1080,194302,112.69581326560358,205.14952087402344,1
GVLiD\esca\esca849.jpg,1080,1080,189439,101.41586808984913,258.1496276855469,1
GVLiD\esca\esca850.jpg,1080,1080,193532,130.3439225917352,229.4893341064453,1
GVLiD\esca\esca851.jpg,1080,1080,207898,126.16176597908091,247.19078063964844,1
GVLiD\esca\esca852.jpg,1080,1080,181453,95.60188728566528,200.85047912597656,1
GVLiD\esca\esca853.jpg,1080,1080,211081,130.72378044238675,253.35533142089844,1
GVLiD\esca\esca854.jpg,1080,1080,154491,89.01096405006855,145.1399383544922,1
GVLiD\esca\esca855.jpg,1080,1080,192479,113.11579929526755,215.2353057861328,1
GVLiD\esca\esca856.jpg,1080,1080,168212,140.71733811728402,104.66879272460938,1
GVLiD\esca\esca857.jpg,1080,1080,141853,85.80093114454729,106.25462341308594,1
GVLiD\esca\esca858.jpg,1080,1080,199551,143.71858276406036,189.49063110351562,1
GVLiD\esca\esca859.jpg,1080,1080,199066,143.7836363468793,195.5968017578125,1
GVLiD\esca\esca860.jpg,1080,1080,192280,109.87790535065159,232.88925170898438,1
GVLiD\esca\esca861.jpg,1080,1080,166979,127.27728303926612,207.4095916748047,1
GVLiD\esca\esca862.jpg,1080,1080,168746,125.42587707047322,108.35842895507812,1
GVLiD\esca\esca863.jpg,1080,1080,179976,93.90632866426616,273.806884765625,1
GVLiD\esca\esca864.jpg,1080,1080,215027,120.91378995970504,291.7320861816406,1
GVLiD\esca\esca865.jpg,1080,1080,170127,125.97207292609734,135.42352294921875,1
GVLiD\esca\esca866.jpg,1080,1080,154705,99.35076223251025,105.18244934082031,1
GVLiD\esca\esca867.jpg,1080,1080,170522,144.79954549296983,109.93883514404297,1
GVLiD\esca\esca868.jpg,1080,1080,224832,112.01608061299729,289.96783447265625,1
GVLiD\esca\esca869.jpg,1080,1080,195146,119.95158664180384,220.6275177001953,1
GVLiD\esca\esca870.jpg,1080,1080,173698,127.6301462242798,139.71279907226562,1
GVLiD\esca\esca871.jpg,1080,1080,225578,157.087242891804,292.7828369140625,1
GVLiD\esca\esca872.jpg,1080,1080,199117,115.57048980538413,371.8329772949219,1
GVLiD\esca\esca873.jpg,1080,1080,159468,169.72678979852552,115.19227600097656,1
GVLiD\esca\esca874.jpg,1080,1080,169171,128.52172448131,167.72239685058594,1
GVLiD\esca\esca875.jpg,1080,1080,161728,158.7271509507888,80.62726593017578,1
GVLiD\esca\esca876.jpg,1080,1080,250265,100.09725223165296,558.8319091796875,1
GVLiD\esca\esca877.jpg,1080,1080,167239,115.63319807527441,121.33770751953125,1
GVLiD\esca\esca878.jpg,1080,1080,175194,125.09666998028123,110.91380310058594,1
GVLiD\esca\esca879.jpg,1080,1080,194133,130.22195760030863,193.16372680664062,1
GVLiD\esca\esca880.jpg,1080,1080,147414,89.54263703532243,104.0247573852539,1
GVLiD\esca\esca881.jpg,1080,1080,213884,115.97986284122085,306.25982666015625,1
GVLiD\esca\esca882.jpg,1080,1080,146411,137.86222555984224,155.4218292236328,1
GVLiD\esca\esca883.jpg,1080,1080,186770,108.76505936385459,177.19387817382812,1
GVLiD\esca\esca884.jpg,1080,1080,170573,95.87408242455416,232.32472229003906,1
GVLiD\esca\esca885.jpg,1080,1080,178253,110.91145132630318,223.67742919921875,1
GVLiD\esca\esca886.jpg,1080,1080,170541,93.8349359593621,102.99256896972656,1
GVLiD\esca\esca887.jpg,1080,1080,208580,127.18809189729076,471.9186706542969,1
GVLiD\esca\esca888.jpg,1080,1080,170919,142.79396361111114,112.99945068359375,1
GVLiD\healthy\healthy001.jpg,1080,1080,260191,123.52579494513031,400.6822814941406,1
GVLiD\healthy\healthy002.jpg,1080,1080,234676,100.92210034379286,391.7259216308594,1
GVLiD\healthy\healthy003.jpg,1080,1080,209895,103.55257496399176,348.923828125,1
GVLiD\healthy\healthy004.jpg,1080,1080,299553,117.59774510030859,659.2200927734375,1
GVLiD\healthy\healthy005.jpg,1080,1080,247286,89.58222257201636,575.006591796875,1
GVLiD\healthy\healthy006.jpg,1080,1080,266451,115.67469576303158,523.0135498046875,1
GVLiD\healthy\healthy007.jpg,1080,1080,319845,109.50687341049381,873.8665161132812,1
GVLiD\healthy\healthy008.jpg,1080,1080,283975,107.55968768347047,755.4209594726562,1
GVLiD\healthy\healthy009.jpg,1080,1080,219506,113.41745866941022,478.8861389160156,1
GVLiD\healthy\healthy010.jpg,1080,1080,238119,115.2522004080933,448.0926513671875,1
GVLiD\healthy\healthy011.jpg,1080,1080,257113,102.14378378000686,413.3357238769531,1
GVLiD\healthy\healthy012.jpg,1080,1080,264288,124.87845503086419,448.77252197265625,1
GVLiD\healthy\healthy013.jpg,1080,1080,232992,128.5711197025034,359.2630310058594,1
GVLiD\healthy\healthy014.jpg,1080,1080,337691,118.40979786951304,822.4168701171875,1
GVLiD\healthy\healthy015.jpg,1080,1080,306067,103.38086781464341,738.7531127929688,1
GVLiD\healthy\healthy016.jpg,1080,1080,109183,85.81497430126888,58.6484489440918,1
GVLiD\healthy\healthy017.jpg,1080,1080,109167,89.78672781978734,49.17889404296875,1
GVLiD\healthy\healthy018.jpg,1080,1080,324283,129.66904114626197,593.2355346679688,1
GVLiD\healthy\healthy019.jpg,1080,1080,293043,117.67985459790809,581.18896484375,1
GVLiD\healthy\healthy020.jpg,1080,1080,255203,104.6510903275034,539.9124755859375,1
GVLiD\healthy\healthy021.jpg,1080,1080,295504,135.9366974699932,486.7850646972656,1
GVLiD\healthy\healthy022.jpg,1080,1080,259757,134.68924635802466,313.0758361816406,1
GVLiD\healthy\healthy023.jpg,1080,1080,234529,139.6680889163238,273.13360595703125,1
GVLiD\healthy\healthy024.jpg,1080,1080,303847,125.34784234224965,770.8308715820312,1
GVLiD\healthy\healthy025.jpg,1080,1080,303928,126.5345334139231,776.4315795898438,1
GVLiD\healthy\healthy026.jpg,1080,1080,282302,132.10793000514397,711.3696899414062,1
GVLiD\healthy\healthy027.jpg,1080,1080,258894,110.35969374142658,438.7013244628906,1
GVLiD\healthy\healthy028.jpg,1080,1080,264826,105.85024401406037,633.5416259765625,1
GVLiD\healthy\healthy029.jpg,1080,1080,226671,102.0336182278807,518.052001953125,1
GVLiD\healthy\healthy030.jpg,1080,1080,291713,115.2777422625172,711.2550048828125,1
GVLiD\healthy\healthy031.jpg,1080,1080,260895,118.32642900462966,622.1300659179688,1
GVLiD\healthy\healthy032.jpg,1080,1080,251652,93.60808849537042,527.453857421875,1
GVLiD\healthy\healthy033.jpg,1080,1080,212254,88.40154400977366,393.33935546875,1
GVLiD\healthy\healthy034.jpg,1080,1080,342158,140.14421481995882,655.1303100585938,1
GVLiD\healthy\healthy035.jpg,1080,1080,140701,161.71075630229768,56.020206451416016,1
GVLiD\healthy\healthy036.jpg,1080,1080,124160,171.03273508916325,40.6151237487793,1
GVLiD\healthy\healthy037.jpg,1080,1080,238403,113.43907485253773,390.3016662597656,1
GVLiD\healthy\healthy038.jpg,1080,1080,209112,118.04984731310017,314.7095947265625,1
GVLiD\healthy\healthy039.jpg,1080,1080,299336,127.91264396347734,623.1194458007812,1
GVLiD\healthy\healthy040.jpg,1080,1080,264097,133.9674871510631,497.2483825683594,1
GVLiD\healthy\healthy041.jpg,1080,1080,336016,101.85548404663916,1037.711181640625,1
GVLiD\healthy\healthy042.jpg,1080,1080,259455,111.44870756172837,629.9652709960938,1
GVLiD\healthy\healthy043.jpg,1080,1080,313926,116.68756329818244,777.5006713867188,1
GVLiD\healthy\healthy044.jpg,1080,1080,226690,76.1774517446845,332.0730285644531,1
GVLiD\healthy\healthy045.jpg,1080,1080,193817,70.29448691272289,253.7477569580078,1
GVLiD\healthy\healthy046.jpg,1080,1080,297165,136.65556831189986,595.4373168945312,1
GVLiD\healthy\healthy047.jpg,1080,1080,294632,123.69178251200275,640.5571899414062,1
GVLiD\healthy\healthy048.jpg,1080,1080,251709,123.65694387774347,493.4547119140625,1
GVLiD\healthy\healthy049.jpg,1080,1080,284950,91.88316927297669,591.2461547851562,1
GVLiD\healthy\healthy050.jpg,1080,1080,225910,122.39034926011655,360.90667724609375,1
GVLiD\healthy\healthy051.jpg,1080,1080,313442,128.33413579818242,763.1392822265625,1
GVLiD\healthy\healthy052.jpg,1080,1080,270861,99.92137092421125,591.0564575195312,1
GVLiD\healthy\healthy053.jpg,1080,1080,235387,94.28766408264742,506.16070556640625,1
GVLiD\healthy\healthy054.jpg,1080,1080,307868,104.62463183556238,604.8654174804688,1
GVLiD\healthy\healthy055.jpg,1080,1080,296187,126.69977178240747,669.1461791992188,1
GVLiD\healthy\healthy056.jpg,1080,1080,170082,86.7555077974965,185.7113494873047,1
GVLiD\healthy\healthy057.jpg,1080,1080,367823,110.01235653463654,1078.3651123046875,1
GVLiD\healthy\healthy058.jpg,1080,1080,225968,107.7357640920782,420.49200439453125,1
GVLiD\healthy\healthy059.jpg,1080,1080,274404,152.63595673439636,264.6138000488281,1
GVLiD\healthy\healthy060.jpg,1080,1080,243388,158.45349441100825,203.56967163085938,1
GVLiD\healthy\healthy061.jpg,1080,1080,286289,119.45813787808642,544.0037231445312,1
GVLiD\healthy\healthy062.jpg,1080,1080,253457,114.52695729423867,462.0251770019531,1
GVLiD\healthy\healthy063.jpg,1080,1080,221674,136.08155505915636,220.86045837402344,1
GVLiD\healthy\healthy064.jpg,1080,1080,201164,136.8694355409808,199.66465759277344,1
GVLiD\healthy\healthy065.jpg,1080,1080,296517,133.78864197016466,724.2924194335938,1
GVLiD\healthy\healthy066.jpg,1080,1080,304711,105.02197023319611,792.2578735351562,1
GVLiD\healthy\healthy067.jpg,1080,1080,336585,126.96488486282571,797.6066284179688,1
GVLiD\healthy\healthy068.jpg,1080,1080,291146,125.51509985510972,640.7470703125,1
GVLiD\healthy\healthy069.jpg,1080,1080,305534,103.9675912328532,723.071044921875,1
GVLiD\healthy\healthy070.jpg,1080,1080,263314,104.72991113940327,585.9725341796875,1
GVLiD\healthy\healthy071.jpg,1080,1080,263140,98.40661832475988,748.4634399414062,1
GVLiD\healthy\healthy072.jpg,1080,1080,230833,92.39013019375861,615.191162109375,1
GVLiD\healthy\healthy073.jpg,1080,1080,326519,111.00250639060359,925.9016723632812,1
GVLiD\healthy\healthy074.jpg,1080,1080,282546,110.73947072102195,737.3596801757812,1
GVLiD\healthy\healthy075.jpg,1080,1080,266977,114.31144157235943,595.1837768554688,1
GVLiD\healthy\healthy076.jpg,1080,1080,282548,115.46358072702327,576.806884765625,1
GVLiD\healthy\healthy077.jpg,1080,1080,241601,115.30927095679009,445.26593017578125,1
GVLiD\healthy\healthy078.jpg,1080,1080,179376,88.86801143432784,167.78761291503906,1
GVLiD\healthy\healthy079.jpg,1080,1080,165166,84.31531428840879,130.9477996826172,1
GVLiD\healthy\healthy080.jpg,1080,1080,273837,124.58184045953357,611.6964111328125,1
GVLiD\healthy\healthy081.jpg,1080,1080,263712,117.7407314737654,438.9210510253906,1
GVLiD\healthy\healthy082.jpg,1080,1080,364328,109.31654713134425,1171.9835205078125,1
GVLiD\healthy\healthy083.jpg,1080,1080,167582,91.20805147548015,185.1351318359375,1
GVLiD\healthy\healthy084.jpg,1080,1080,346769,112.09439367455417,1018.0485229492188,1
GVLiD\healthy\healthy085.jpg,1080,1080,294842,107.70393813014401,842.0912475585938,1
GVLiD\healthy\healthy086.jpg,1080,1080,293808,126.676048183299,632.88720703125,1
GVLiD\healthy\healthy087.jpg,1080,1080,280688,93.09787024691363,745.235107421875,1
GVLiD\healthy\healthy088.jpg,1080,1080,241577,88.5438140492113,616.9198608398438,1
GVLiD\healthy\healthy089.jpg,1080,1080,243527,85.51718203789433,567.3822631835938,1
GVLiD\healthy\healthy090.jpg,1080,1080,227929,134.69454960905338,258.3335266113281,1
GVLiD\healthy\healthy091.jpg,1080,1080,323716,130.96129395404665,888.1213989257812,1
GVLiD\healthy\healthy092.jpg,1080,1080,286726,132.50446004200958,738.5836791992188,1
GVLiD\healthy\healthy093.jpg,1080,1080,295830,137.0091944418724,416.445068359375,1
GVLiD\healthy\healthy094.jpg,1080,1080,260582,143.99818138117277,330.801025390625,1
GVLiD\healthy\healthy095.jpg,1080,1080,204731,116.82388317215354,220.33563232421875,1
GVLiD\healthy\healthy096.jpg,1080,1080,178901,122.27518190757884,170.04156494140625,1
GVLiD\healthy\healthy097.jpg,1080,1080,250761,100.64324878000684,373.7989807128906,1
GVLiD\healthy\healthy098.jpg,1080,1080,285786,119.17978161522633,568.033935546875,1
GVLiD\healthy\healthy099.jpg,1080,1080,249422,112.94890166666667,502.4447326660156,1
GVLiD\healthy\healthy100.jpg,1080,1080,221670,147.0420045387517,234.75173950195312,1
GVLiD\healthy\healthy1000.jpg,1080,1080,329711,110.33430566443755,797.3170776367188,1
GVLiD\healthy\healthy1001.jpg,1080,1080,204349,118.15523600908783,230.30560302734375,1
GVLiD\healthy\healthy1002.jpg,1080,1080,185131,127.14420169924558,151.78408813476562,1
GVLiD\healthy\healthy1003.jpg,1080,1080,235414,92.21166301526061,496.587158203125,1
GVLiD\healthy\healthy1004.jpg,1080,1080,266339,114.7787617935528,596.0463256835938,1
GVLiD\healthy\healthy1005.jpg,1080,1080,185098,151.2684297882373,115.50517272949219,1
GVLiD\healthy\healthy1006.jpg,1080,1080,378493,110.2744376105967,1327.2362060546875,1
GVLiD\healthy\healthy1007.jpg,1080,1080,325129,115.86451214591897,817.830322265625,1
GVLiD\healthy\healthy1008.jpg,1080,1080,247491,114.71342691272287,483.8404846191406,1
GVLiD\healthy\healthy1009.jpg,1080,1080,223150,110.94548326045955,288.8675231933594,1
GVLiD\healthy\healthy101.jpg,1080,1080,199855,141.5527880126887,196.1136474609375,1
GVLiD\healthy\healthy1010.jpg,1080,1080,175869,105.1400636162551,206.94277954101562,1
GVLiD\healthy\healthy1011.jpg,1080,1080,332735,128.7159016675241,898.6777954101562,1
GVLiD\healthy\healthy1012.jpg,1080,1080,267947,98.76787716820986,563.27587890625,1
GVLiD\healthy\healthy1013.jpg,1080,1080,212461,100.0797899597051,302.75592041015625,1
GVLiD\healthy\healthy1014.jpg,1080,1080,258386,101.38200062585736,708.307373046875,1
GVLiD\healthy\healthy1015.jpg,1080,1080,265656,113.21266508659117,592.3265380859375,1
GVLiD\healthy\healthy1016.jpg,1080,1080,270898,136.3352171999314,652.7320556640625,1
GVLiD\healthy\healthy1017.jpg,1080,1080,220964,92.26583157493138,418.1865539550781,1
GVLiD\healthy\healthy1018.jpg,1080,1080,322472,124.43469790294922,789.3524780273438,1
GVLiD\healthy\healthy1019.jpg,1080,1080,319079,135.73182196587783,592.8082275390625,1
GVLiD\healthy\healthy102.jpg,1080,1080,204783,112.93374877486279,232.89889526367188,1
GVLiD\healthy\healthy1020.jpg,1080,1080,205471,123.56463812071327,270.8375549316406,1
GVLiD\healthy\healthy1021.jpg,1080,1080,260516,96.45980935099452,435.4100646972656,1
GVLiD\healthy\healthy1022.jpg,1080,1080,289500,112.70555603223596,530.4014892578125,1
GVLiD\healthy\healthy1023.jpg,1080,1080,181286,97.9063815792181,179.0577392578125,1
GVLiD\healthy\healthy1024.jpg,1080,1080,247139,115.95945059927983,473.7237243652344,1
GVLiD\healthy\healthy1025.jpg,1080,1080,262091,115.72397126371742,618.7720947265625,1
GVLiD\healthy\healthy1026.jpg,1080,1080,248544,118.3069128592249,504.37109375,1
GVLiD\healthy\healthy1027.jpg,1080,1080,315778,95.3496410888203,1094.0787353515625,1
GVLiD\healthy\healthy1028.jpg,1080,1080,321342,137.81668392661177,559.0087280273438,1
GVLiD\healthy\healthy1029.jpg,1080,1080,241742,154.67216398919751,199.75820922851562,1
GVLiD\healthy\healthy103.jpg,1080,1080,178328,113.60741494170092,171.4092254638672,1
GVLiD\healthy\healthy1030.jpg,1080,1080,286475,117.03668055984224,769.1943969726562,1
GVLiD\healthy\healthy1031.jpg,1080,1080,239017,134.41336022805214,289.7242736816406,1
GVLiD\healthy\healthy1032.jpg,1080,1080,237751,125.61313269975997,273.1288757324219,1
GVLiD\healthy\healthy1033.jpg,1080,1080,316662,106.11133154921129,924.6653442382812,1
GVLiD\healthy\healthy1034.jpg,1080,1080,247508,116.56296123113856,547.3362426757812,1
GVLiD\healthy\healthy1035.jpg,1080,1080,275450,144.68650476423173,536.290771484375,1
GVLiD\healthy\healthy1036.jpg,1080,1080,292924,129.89504391718108,567.0819702148438,1
GVLiD\healthy\healthy1037.jpg,1080,1080,220570,135.85495293038406,332.55987548828125,1
GVLiD\healthy\healthy1038.jpg,1080,1080,251656,120.71378116683812,554.5316772460938,1
GVLiD\healthy\healthy1039.jpg,1080,1080,306000,121.75098370970501,819.054443359375,1
GVLiD\healthy\healthy104.jpg,1080,1080,268077,96.08984920010289,602.1238403320312,1
GVLiD\healthy\healthy1040.jpg,1080,1080,267206,107.27366355881347,526.4524536132812,1
GVLiD\healthy\healthy1041.jpg,1080,1080,228930,117.49231502657751,326.8872985839844,1
GVLiD\healthy\healthy1042.jpg,1080,1080,302178,117.91250371913586,715.018310546875,1
GVLiD\healthy\healthy1043.jpg,1080,1080,323643,111.66793079389575,836.1758422851562,1
GVLiD\healthy\healthy1044.jpg,1080,1080,250879,110.99211033693416,562.9703979492188,1
GVLiD\healthy\healthy1045.jpg,1080,1080,193310,110.57856219564466,216.9342041015625,1
GVLiD\healthy\healthy1046.jpg,1080,1080,307209,114.75147861625516,674.5932006835938,1
GVLiD\healthy\healthy1047.jpg,1080,1080,269000,160.74278441272284,362.2509765625,1
GVLiD\healthy\healthy1048.jpg,1080,1080,243199,89.01507010716735,473.3347473144531,1
GVLiD\healthy\healthy1049.jpg,1080,1080,269227,104.62876983367617,599.4986572265625,1
GVLiD\healthy\healthy105.jpg,1080,1080,238895,107.97523349279831,385.9345703125,1
GVLiD\healthy\healthy1050.jpg,1080,1080,196224,141.54929870113165,144.86209106445312,1
GVLiD\healthy\healthy1051.jpg,1080,1080,257939,110.14371488854592,499.52691650390625,1
GVLiD\healthy\healthy1052.jpg,1080,1080,284136,110.19862820301778,609.7759399414062,1
GVLiD\healthy\healthy1053.jpg,1080,1080,209295,104.41542288065844,389.233642578125,1
GVLiD\healthy\healthy1054.jpg,1080,1080,177955,112.69301104766804,169.79150390625,1
GVLiD\healthy\healthy1055.jpg,1080,1080,313409,117.12144735510974,1059.0029296875,1
GVLiD\healthy\healthy1056.jpg,1080,1080,206987,100.12050871999313,280.7289733886719,1
GVLiD\healthy\healthy1057.jpg,1080,1080,243043,133.445116460048,322.8449401855469,1
GVLiD\healthy\healthy1058.jpg,1080,1080,223237,135.2722423842592,316.7778625488281,1
GVLiD\healthy\healthy1059.jpg,1080,1080,324382,113.47219966992454,811.1192626953125,1
GVLiD\healthy\healthy106.jpg,1080,1080,280997,144.83372078960906,344.4496154785156,1
GVLiD\healthy\healthy1060.jpg,1080,1080,279265,101.48561735853903,629.2577514648438,1
GVLiD\healthy\healthy1061.jpg,1080,1080,288249,123.69396142661178,645.7920532226562,1
GVLiD\healthy\healthy1062.jpg,1080,1080,272194,123.40195303497946,559.30615234375,1
GVLiD\healthy\healthy1063.jpg,1080,1080,325958,104.38017017061038,951.2763671875,1
GVLiD\healthy\healthy1064.jpg,1080,1080,264264,105.86673213734565,734.2183227539062,1
GVLiD\healthy\healthy1065.jpg,1080,1080,312248,109.44160080246915,735.5244750976562,1
GVLiD\healthy\healthy1066.jpg,1080,1080,288270,132.87588186213998,531.053955078125,1
GVLiD\healthy\healthy1067.jpg,1080,1080,271912,139.24474763803144,329.08026123046875,1
GVLiD\healthy\healthy1068.jpg,1080,1080,314402,110.239569063786,829.6358642578125,1
GVLiD\healthy\healthy1069.jpg,1080,1080,244811,111.82444833762007,529.3824462890625,1
GVLiD\healthy\healthy107.jpg,1080,1080,249755,149.0849005332648,289.647216796875,1
GVLiD\healthy\healthy1070.jpg,1080,1080,263052,102.93275556498627,689.87255859375,1
GVLiD\healthy\healthy1071.jpg,1080,1080,330518,113.85625984739372,946.6406860351562,1
GVLiD\healthy\healthy1072.jpg,1080,1080,273776,118.412193327332,686.1409912109375,1
GVLiD\healthy\healthy1073.jpg,1080,1080,215926,89.18854783950624,401.3505554199219,1
GVLiD\healthy\healthy1074.jpg,1080,1080,280496,114.35871712277094,594.3555297851562,1
GVLiD\healthy\healthy1075.jpg,1080,1080,246719,108.95197461334024,457.7314147949219,1
GVLiD\healthy\healthy1076.jpg,1080,1080,210425,81.96700312328534,344.1197814941406,1
GVLiD\healthy\healthy1077.jpg,1080,1080,255440,112.0436756172839,572.5237426757812,1
GVLiD\healthy\healthy1078.jpg,1080,1080,226104,86.03495933041833,450.44049072265625,1
GVLiD\healthy\healthy1079.jpg,1080,1080,269422,107.40624728909462,423.3009338378906,1
GVLiD\healthy\healthy108.jpg,1080,1080,327941,133.03343251114546,452.1015625,1
GVLiD\healthy\healthy1080.jpg,1080,1080,301599,106.10521451903297,724.0389404296875,1
GVLiD\healthy\healthy1081.jpg,1080,1080,111725,91.90859664266117,24.52904510498047,1
GVLiD\healthy\healthy1082.jpg,1080,1080,325978,129.94480731910147,873.51171875,1
GVLiD\healthy\healthy1083.jpg,1080,1080,279121,143.48861532750345,621.248779296875,1
GVLiD\healthy\healthy1084.jpg,1080,1080,244950,143.4410784619341,313.8295593261719,1
GVLiD\healthy\healthy1085.jpg,1080,1080,295318,100.00184674897122,773.9385986328125,1
GVLiD\healthy\healthy1086.jpg,1080,1080,228259,122.44155161694108,257.7359313964844,1
GVLiD\healthy\healthy1087.jpg,1080,1080,170001,123.07597807013025,129.21136474609375,1
GVLiD\healthy\healthy1088.jpg,1080,1080,306821,112.60602589677636,925.8349609375,1
GVLiD\healthy\healthy1089.jpg,1080,1080,338019,126.88437135545263,1070.1943359375,1
GVLiD\healthy\healthy109.jpg,1080,1080,300002,140.17924520404668,414.42352294921875,1
GVLiD\healthy\healthy1090.jpg,1080,1080,237389,74.21938794753089,512.1498413085938,1
GVLiD\healthy\healthy1091.jpg,1080,1080,360016,101.95715514489027,890.0866088867188,1
GVLiD\healthy\healthy1092.jpg,1080,1080,297488,125.73822802726346,664.0470581054688,1
GVLiD\healthy\healthy1093.jpg,1080,1080,302042,124.6375776920439,631.75634765625,1
GVLiD\healthy\healthy1094.jpg,1080,1080,275085,106.42379141975307,729.6343383789062,1
GVLiD\healthy\healthy1095.jpg,1080,1080,349468,123.37016498113856,888.4513549804688,1
GVLiD\healthy\healthy1096.jpg,1080,1080,278330,124.08463620541842,558.98974609375,1
GVLiD\healthy\healthy1097.jpg,1080,1080,275141,118.76242169838818,555.4244384765625,1
GVLiD\healthy\healthy1098.jpg,1080,1080,226583,106.97278518261318,433.9468688964844,1
GVLiD\healthy\healthy1099.jpg,1080,1080,182812,145.87771512345677,129.8105926513672,1
GVLiD\healthy\healthy110.jpg,1080,1080,264596,136.46469136831277,565.0234375,1
GVLiD\healthy\healthy1100.jpg,1080,1080,198268,112.25530085991082,154.35400390625,1
GVLiD\healthy\healthy1101.jpg,1080,1080,121593,82.35809115826471,44.9653205871582,1
GVLiD\healthy\healthy1102.jpg,1080,1080,232861,94.30855891632372,442.5909729003906,1
GVLiD\healthy\healthy1103.jpg,1080,1080,288205,139.78513585905344,588.0718383789062,1
GVLiD\healthy\healthy1104.jpg,1080,1080,274199,99.58438641375177,615.77197265625,1
GVLiD\healthy\healthy1105.jpg,1080,1080,139781,109.5695461128258,66.1385498046875,1
GVLiD\healthy\healthy1106.jpg,1080,1080,277263,132.78660349194107,645.79541015625,1
GVLiD\healthy\healthy1107.jpg,1080,1080,242583,104.49157082304527,540.2094116210938,1
GVLiD\healthy\healthy1108.jpg,1080,1080,252272,107.9073751560357,562.428955078125,1
GVLiD\healthy\healthy1109.jpg,1080,1080,271769,114.73807726851851,561.9493408203125,1
GVLiD\healthy\healthy111.jpg,1080,1080,258572,109.12841369684496,535.6475219726562,1
GVLiD\healthy\healthy112.jpg,1080,1080,316427,127.05775679355285,573.92724609375,1
GVLiD\healthy\healthy113.jpg,1080,1080,314428,117.54795593621395,824.9005126953125,1
GVLiD\healthy\healthy114.jpg,1080,1080,259392,111.35846443415637,649.832763671875,1
GVLiD\healthy\healthy115.jpg,1080,1080,219094,100.4741885288066,311.2193908691406,1
GVLiD\healthy\healthy116.jpg,1080,1080,199935,105.63292986882712,259.2016296386719,1
GVLiD\healthy\healthy117.jpg,1080,1080,292005,111.4162489617627,662.5848388671875,1
GVLiD\healthy\healthy118.jpg,1080,1080,298040,116.90987868912896,696.2445678710938,1
GVLiD\healthy\healthy119.jpg,1080,1080,228468,79.65322634859398,417.9406433105469,1
GVLiD\healthy\healthy120.jpg,1080,1080,268450,118.53804550411519,569.9306030273438,1
GVLiD\healthy\healthy121.jpg,1080,1080,225835,76.59456471279145,513.4529418945312,1
GVLiD\healthy\healthy122.jpg,1080,1080,202403,77.0085687800069,420.1864929199219,1
GVLiD\healthy\healthy123.jpg,1080,1080,272675,104.04910693930037,574.579345703125,1
GVLiD\healthy\healthy124.jpg,1080,1080,169794,109.72153343878603,107.41380310058594,1
GVLiD\healthy\healthy125.jpg,1080,1080,149974,107.90515079046635,75.77616882324219,1
GVLiD\healthy\healthy126.jpg,1080,1080,191615,118.12217029921128,208.11709594726562,1
GVLiD\healthy\healthy127.jpg,1080,1080,167676,112.1875730924211,149.74473571777344,1
GVLiD\healthy\healthy128.jpg,1080,1080,316671,121.14933199674218,791.5260620117188,1
GVLiD\healthy\healthy129.jpg,1080,1080,208807,98.1711383487654,291.1171569824219,1
GVLiD\healthy\healthy130.jpg,1080,1080,184564,96.5853924605624,227.0561065673828,1
GVLiD\healthy\healthy131.jpg,1080,1080,201834,86.87112859139236,216.5437469482422,1
GVLiD\healthy\healthy132.jpg,1080,1080,178569,84.565484058642,172.06350708007812,1
GVLiD\healthy\healthy133.jpg,1080,1080,215011,103.32742037208504,252.24383544921875,1
GVLiD\healthy\healthy134.jpg,1080,1080,183450,97.77189115826475,186.2367706298828,1
GVLiD\healthy\healthy135.jpg,1080,1080,216239,134.55221552983542,235.09132385253906,1
GVLiD\healthy\healthy136.jpg,1080,1080,188305,138.7899312148492,173.48268127441406,1
GVLiD\healthy\healthy137.jpg,1080,1080,289341,118.71189645919065,584.8992919921875,1
GVLiD\healthy\healthy138.jpg,1080,1080,248501,121.55579653377917,368.36407470703125,1
GVLiD\healthy\healthy139.jpg,1080,1080,258194,115.21875845593279,502.1606140136719,1
GVLiD\healthy\healthy140.jpg,1080,1080,218273,114.00795981995883,386.20166015625,1
GVLiD\healthy\healthy141.jpg,1080,1080,331621,129.89042744427297,805.836181640625,1
GVLiD\healthy\healthy142.jpg,1080,1080,241977,95.39527103052131,467.5986328125,1
GVLiD\healthy\healthy143.jpg,1080,1080,209885,96.77837294838821,372.70074462890625,1
GVLiD\healthy\healthy144.jpg,1080,1080,147782,128.4407936805556,62.15132522583008,1
GVLiD\healthy\healthy145.jpg,1080,1080,127602,121.47678347136485,49.316776275634766,1
GVLiD\healthy\healthy146.jpg,1080,1080,271674,112.21027701388881,562.632080078125,1
GVLiD\healthy\healthy147.jpg,1080,1080,298315,113.10582203017832,689.701416015625,1
GVLiD\healthy\healthy148.jpg,1080,1080,259692,109.3230712671468,551.763427734375,1
GVLiD\healthy\healthy149.jpg,1080,1080,318673,106.72294376628942,942.26708984375,1
GVLiD\healthy\healthy150.jpg,1080,1080,269116,103.56198565929354,750.1566772460938,1
GVLiD\healthy\healthy151.jpg,1080,1080,361258,115.22801820816186,1088.71142578125,1
GVLiD\healthy\healthy152.jpg,1080,1080,286800,138.49286580932784,413.40289306640625,1
GVLiD\healthy\healthy153.jpg,1080,1080,249070,140.33256081790114,334.535888671875,1
GVLiD\healthy\healthy154.jpg,1080,1080,330217,104.84999588563099,855.3228149414062,1
GVLiD\healthy\healthy155.jpg,1080,1080,248029,131.3475353986625,290.39208984375,1
GVLiD\healthy\healthy156.jpg,1080,1080,225307,141.33149779406727,256.2671203613281,1
GVLiD\healthy\healthy157.jpg,1080,1080,302116,103.81393531635801,766.2640991210938,1
GVLiD\healthy\healthy158.jpg,1080,1080,252691,103.69465366598081,459.3614807128906,1
GVLiD\healthy\healthy159.jpg,1080,1080,222662,109.8856618115569,349.84893798828125,1
GVLiD\healthy\healthy160.jpg,1080,1080,278407,104.1022123371056,507.62451171875,1
GVLiD\healthy\healthy161.jpg,1080,1080,246713,102.34649766889572,417.177001953125,1
GVLiD\healthy\healthy162.jpg,1080,1080,249904,145.6511644675926,284.44000244140625,1
GVLiD\healthy\healthy163.jpg,1080,1080,219402,155.26299641975302,201.41444396972656,1
GVLiD\healthy\healthy164.jpg,1080,1080,289601,141.29902976680376,330.4873962402344,1
GVLiD\healthy\healthy165.jpg,1080,1080,273709,154.30186188100137,308.1318054199219,1
GVLiD\healthy\healthy166.jpg,1080,1080,239938,128.35563917524007,383.06414794921875,1
GVLiD\healthy\healthy167.jpg,1080,1080,321850,124.14734078789436,789.23681640625,1
GVLiD\healthy\healthy168.jpg,1080,1080,262442,131.07783762688618,470.08099365234375,1
GVLiD\healthy\healthy169.jpg,1080,1080,245832,104.91293329475305,312.3930969238281,1
GVLiD\healthy\healthy170.jpg,1080,1080,210843,98.02416197102198,233.5403289794922,1
GVLiD\healthy\healthy171.jpg,1080,1080,264227,91.16018899434154,572.0269165039062,1
GVLiD\healthy\healthy172.jpg,1080,1080,231188,87.50360370198904,477.3869323730469,1
GVLiD\healthy\healthy173.jpg,1080,1080,349588,125.1415692901234,942.4774780273438,1
GVLiD\healthy\healthy174.jpg,1080,1080,277466,94.31658211848422,689.7113037109375,1
GVLiD\healthy\healthy175.jpg,1080,1080,247700,98.2228053395062,593.620361328125,1
GVLiD\healthy\healthy176.jpg,1080,1080,321157,122.07910563786004,744.5812377929688,1
GVLiD\healthy\healthy177.jpg,1080,1080,336082,117.1266144110082,905.4109497070312,1
GVLiD\healthy\healthy178.jpg,1080,1080,293041,119.46643381172842,760.8873901367188,1
GVLiD\healthy\healthy179.jpg,1080,1080,221193,89.846852760631,351.9592590332031,1
GVLiD\healthy\healthy180.jpg,1080,1080,202950,92.61561253257887,304.68890380859375,1
GVLiD\healthy\healthy181.jpg,1080,1080,221535,92.03450434156376,367.354248046875,1
GVLiD\healthy\healthy182.jpg,1080,1080,183599,81.6057677091907,262.3232727050781,1
GVLiD\healthy\healthy183.jpg,1080,1080,151630,117.04761043724284,52.92269515991211,1
GVLiD\healthy\healthy184.jpg,1080,1080,138563,115.43543894204392,37.96377944946289,1
GVLiD\healthy\healthy185.jpg,1080,1080,271183,134.41268622513715,534.768310546875,1
GVLiD\healthy\healthy186.jpg,1080,1080,231776,136.3672340029149,410.0455017089844,1
GVLiD\healthy\healthy187.jpg,1080,1080,288675,104.04577598851165,686.1831665039062,1
GVLiD\healthy\healthy188.jpg,1080,1080,298869,140.62573706104254,335.65960693359375,1
GVLiD\healthy\healthy189.jpg,1080,1080,268838,143.46456979681062,278.382080078125,1
GVLiD\healthy\healthy190.jpg,1080,1080,293327,134.1396471690672,489.57586669921875,1
GVLiD\healthy\healthy191.jpg,1080,1080,299126,107.79273566015088,815.0487670898438,1
GVLiD\healthy\healthy192.jpg,1080,1080,343723,118.62665588563101,914.412841796875,1
GVLiD\healthy\healthy193.jpg,1080,1080,272932,130.3985574562757,449.3683776855469,1
GVLiD\healthy\healthy194.jpg,1080,1080,332210,119.02326139574761,959.903076171875,1
GVLiD\healthy\healthy195.jpg,1080,1080,290958,118.96613147376542,789.6641845703125,1
GVLiD\healthy\healthy196.jpg,1080,1080,232331,123.80771743055553,396.1259765625,1
GVLiD\healthy\healthy197.jpg,1080,1080,309689,104.37991426954729,847.4962768554688,1
GVLiD\healthy\healthy198.jpg,1080,1080,265043,125.82518929355278,533.802490234375,1
GVLiD\healthy\healthy199.jpg,1080,1080,261779,103.19182233110415,615.3530883789062,1
GVLiD\healthy\healthy200.jpg,1080,1080,270291,120.19393810613853,483.31402587890625,1
GVLiD\healthy\healthy201.jpg,1080,1080,240744,123.05989859310701,266.15338134765625,1
GVLiD\healthy\healthy202.jpg,1080,1080,220953,131.92146354766808,232.3132781982422,1
GVLiD\healthy\healthy203.jpg,1080,1080,385234,114.54641671982166,1023.9034423828125,1
GVLiD\healthy\healthy204.jpg,1080,1080,305784,120.93628935785323,838.55712890625,1
GVLiD\healthy\healthy205.jpg,1080,1080,295365,139.52737300497253,382.48126220703125,1
GVLiD\healthy\healthy206.jpg,1080,1080,259806,143.14492915552128,307.6800231933594,1
GVLiD\healthy\healthy207.jpg,1080,1080,369780,119.3405114669067,1196.253173828125,1
GVLiD\healthy\healthy208.jpg,1080,1080,320357,123.12553095507546,967.274169921875,1
GVLiD\healthy\healthy209.jpg,1080,1080,289168,99.48885778720846,625.02978515625,1
GVLiD\healthy\healthy210.jpg,1080,1080,255509,98.40481367798355,548.3441162109375,1
GVLiD\healthy\healthy211.jpg,1080,1080,283658,119.36494665209192,679.5653076171875,1
GVLiD\healthy\healthy212.jpg,1080,1080,278073,115.79281395147461,583.6626586914062,1
GVLiD\healthy\healthy213.jpg,1080,1080,248864,112.83692251028805,496.62261962890625,1
GVLiD\healthy\healthy214.jpg,1080,1080,239506,127.68075446930733,307.120849609375,1
GVLiD\healthy\healthy215.jpg,1080,1080,216936,131.74457164951988,264.5972595214844,1
GVLiD\healthy\healthy216.jpg,1080,1080,233655,113.84899911779834,302.5558166503906,1
GVLiD\healthy\healthy217.jpg,1080,1080,248274,103.45202623456794,499.9627990722656,1
GVLiD\healthy\healthy218.jpg,1080,1080,267507,99.67242260288069,550.1142578125,1
GVLiD\healthy\healthy219.jpg,1080,1080,234869,96.35681903292183,457.1439208984375,1
GVLiD\healthy\healthy220.jpg,1080,1080,318060,128.9811456524348,746.767333984375,1
GVLiD\healthy\healthy221.jpg,1080,1080,219014,100.06275867369686,372.2918395996094,1
GVLiD\healthy\healthy222.jpg,1080,1080,336027,139.19247228909467,589.1524047851562,1
GVLiD\healthy\healthy223.jpg,1080,1080,286221,124.2571878052125,705.6817626953125,1
GVLiD\healthy\healthy224.jpg,1080,1080,352849,112.66923134002056,999.3629760742188,1
GVLiD\healthy\healthy225.jpg,1080,1080,309239,114.21115451217419,828.3230590820312,1
GVLiD\healthy\healthy226.jpg,1080,1080,245648,95.20637657578878,457.77069091796875,1
GVLiD\healthy\healthy227.jpg,1080,1080,219124,97.24533979423862,375.223876953125,1
GVLiD\healthy\healthy228.jpg,1080,1080,292453,108.48533887431415,774.7509155273438,1
GVLiD\healthy\healthy229.jpg,1080,1080,299624,109.45869513031548,643.7373657226562,1
GVLiD\healthy\healthy230.jpg,1080,1080,285271,99.40262331189987,769.9198608398438,1
GVLiD\healthy\healthy231.jpg,1080,1080,192665,121.5001690817901,104.93848419189453,1
GVLiD\healthy\healthy232.jpg,1080,1080,174857,124.70476943501372,85.55482482910156,1
GVLiD\healthy\healthy233.jpg,1080,1080,270512,98.19156504715362,655.2529907226562,1
GVLiD\healthy\healthy234.jpg,1080,1080,291887,97.40785812842937,864.8944702148438,1
GVLiD\healthy\healthy235.jpg,1080,1080,253235,92.12142752229082,700.9823608398438,1
GVLiD\healthy\healthy236.jpg,1080,1080,331173,120.92592384602192,858.5439453125,1
GVLiD\healthy\healthy237.jpg,1080,1080,280087,118.77820439729078,678.3087768554688,1
GVLiD\healthy\healthy238.jpg,1080,1080,232636,109.70053506172839,289.6708679199219,1
GVLiD\healthy\healthy239.jpg,1080,1080,207714,108.39995311814133,254.87347412109375,1
GVLiD\healthy\healthy240.jpg,1080,1080,251779,124.36176867884087,562.2094116210938,1
GVLiD\healthy\healthy241.jpg,1080,1080,224013,99.25669761231137,472.6861572265625,1
GVLiD\healthy\healthy242.jpg,1080,1080,275071,121.37354867026751,616.7168579101562,1
GVLiD\healthy\healthy243.jpg,1080,1080,235201,120.7450888331619,561.1344604492188,1
GVLiD\healthy\healthy244.jpg,1080,1080,250479,106.57574076903295,432.026611328125,1
GVLiD\healthy\healthy245.jpg,1080,1080,217808,106.04967238340193,337.1682434082031,1
GVLiD\healthy\healthy246.jpg,1080,1080,264127,124.72597606224282,472.8291320800781,1
GVLiD\healthy\healthy247.jpg,1080,1080,195251,91.19795941786697,292.47674560546875,1
GVLiD\healthy\healthy248.jpg,1080,1080,163644,86.65805395747596,201.44361877441406,1
GVLiD\healthy\healthy249.jpg,1080,1080,271110,98.03322816700957,578.605224609375,1
GVLiD\healthy\healthy250.jpg,1080,1080,229779,96.41675241941014,447.9825134277344,1
GVLiD\healthy\healthy251.jpg,1080,1080,218086,124.28166069530181,311.8840637207031,1
GVLiD\healthy\healthy252.jpg,1080,1080,196489,120.85084788665978,258.57196044921875,1
GVLiD\healthy\healthy253.jpg,1080,1080,318961,104.57238418124143,697.6837158203125,1
GVLiD\healthy\healthy254.jpg,1080,1080,280408,102.88247030092587,589.1491088867188,1
GVLiD\healthy\healthy255.jpg,1080,1080,266618,101.67731632973253,545.4381713867188,1
GVLiD\healthy\healthy256.jpg,1080,1080,233923,100.82174819787372,419.38720703125,1
GVLiD\healthy\healthy257.jpg,1080,1080,231513,95.6148359567902,382.39752197265625,1
GVLiD\healthy\healthy258.jpg,1080,1080,197359,94.42974476423184,278.260986328125,1
GVLiD\healthy\healthy259.jpg,1080,1080,291940,127.95853974965706,661.173828125,1
GVLiD\healthy\healthy260.jpg,1080,1080,252735,114.577472651749,548.4473266601562,1
GVLiD\healthy\healthy261.jpg,1080,1080,216535,117.15596620799033,411.1272888183594,1
GVLiD\healthy\healthy262.jpg,1080,1080,310978,120.89084663494515,546.7781982421875,1
GVLiD\healthy\healthy263.jpg,1080,1080,309787,121.14890311814132,769.4170532226562,1
GVLiD\healthy\healthy264.jpg,1080,1080,140683,95.91440103052123,64.1780014038086,1
GVLiD\healthy\healthy265.jpg,1080,1080,127118,88.17699891460906,43.239830017089844,1
GVLiD\healthy\healthy266.jpg,1080,1080,223559,128.60447080075448,390.3445739746094,1
GVLiD\healthy\healthy267.jpg,1080,1080,299573,125.46130209447864,632.663818359375,1
GVLiD\healthy\healthy268.jpg,1080,1080,182481,105.12053278720852,170.94615173339844,1
GVLiD\healthy\healthy269.jpg,1080,1080,339173,118.20943501200266,949.39697265625,1
GVLiD\healthy\healthy270.jpg,1080,1080,294757,118.67816573388203,777.4644775390625,1
GVLiD\healthy\healthy271.jpg,1080,1080,243738,103.41625949417009,513.6613159179688,1
GVLiD\healthy\healthy272.jpg,1080,1080,276491,109.93818476251714,653.0985717773438,1
GVLiD\healthy\healthy273.jpg,1080,1080,240731,107.02490954646771,557.0001220703125,1
GVLiD\healthy\healthy274.jpg,1080,1080,245299,115.17613481224284,411.1631774902344,1
GVLiD\healthy\healthy275.jpg,1080,1080,216827,121.02096728480795,348.9168395996094,1
GVLiD\healthy\healthy276.jpg,1080,1080,187388,97.0677287354252,191.30770874023438,1
GVLiD\healthy\healthy277.jpg,1080,1080,325662,119.45162279663921,726.1939697265625,1
GVLiD\healthy\healthy278.jpg,1080,1080,280790,120.41958970164617,570.4259643554688,1
GVLiD\healthy\healthy279.jpg,1080,1080,127438,85.98278486796981,46.76880645751953,1
GVLiD\healthy\healthy280.jpg,1080,1080,113133,82.54445615569274,30.539899826049805,1
GVLiD\healthy\healthy281.jpg,1080,1080,263480,103.78843774348425,539.6788940429688,1
GVLiD\healthy\healthy282.jpg,1080,1080,231812,113.31022561642655,306.5986022949219,1
GVLiD\healthy\healthy283.jpg,1080,1080,209305,118.84346519290123,255.01536560058594,1
GVLiD\healthy\healthy284.jpg,1080,1080,250780,99.85418240569273,376.1876220703125,1
GVLiD\healthy\healthy285.jpg,1080,1080,220502,97.45446079218104,308.74249267578125,1
GVLiD\healthy\healthy286.jpg,1080,1080,248839,110.00918522548011,418.7218322753906,1
GVLiD\healthy\healthy287.jpg,1080,1080,275729,129.2657086531207,306.5493469238281,1
GVLiD\healthy\healthy288.jpg,1080,1080,240096,126.19385637688613,250.01547241210938,1
GVLiD\healthy\healthy289.jpg,1080,1080,276404,105.40418486368313,725.1683349609375,1
GVLiD\healthy\healthy290.jpg,1080,1080,319906,129.50877715106319,797.2142944335938,1
GVLiD\healthy\healthy291.jpg,1080,1080,329566,124.03358845936211,802.795654296875,1
GVLiD\healthy\healthy292.jpg,1080,1080,320125,131.52836731481486,703.7378540039062,1
GVLiD\healthy\healthy293.jpg,1080,1080,311514,117.35995843106993,801.0371704101562,1
GVLiD\healthy\healthy294.jpg,1080,1080,174662,136.55551732338813,102.04512023925781,1
GVLiD\healthy\healthy295.jpg,1080,1080,158511,138.2595683299039,81.26984405517578,1
GVLiD\healthy\healthy296.jpg,1080,1080,335433,119.32276577503427,879.5469970703125,1
GVLiD\healthy\healthy297.jpg,1080,1080,282085,115.29870711591218,713.1500244140625,1
GVLiD\healthy\healthy298.jpg,1080,1080,276552,124.67480287294242,682.4468383789062,1
GVLiD\healthy\healthy299.jpg,1080,1080,236977,86.30581177983541,451.50347900390625,1
GVLiD\healthy\healthy300.jpg,1080,1080,304217,142.13591489369,574.8284912109375,1
GVLiD\healthy\healthy301.jpg,1080,1080,317654,122.20542404063792,650.4218139648438,1
GVLiD\healthy\healthy302.jpg,1080,1080,279921,123.62107923439643,523.5462036132812,1
GVLiD\healthy\healthy303.jpg,1080,1080,228462,125.91451891032236,358.7440185546875,1
GVLiD\healthy\healthy304.jpg,1080,1080,202360,134.7077587877229,302.5279541015625,1
GVLiD\healthy\healthy305.jpg,1080,1080,272147,87.94154736025382,602.3391723632812,1
GVLiD\healthy\healthy306.jpg,1080,1080,229722,84.75846413065841,449.2878112792969,1
GVLiD\healthy\healthy307.jpg,1080,1080,254390,106.66891943415636,594.2740478515625,1
GVLiD\healthy\healthy308.jpg,1080,1080,220003,104.24444280006863,472.93267822265625,1
GVLiD\healthy\healthy309.jpg,1080,1080,302135,110.54091875257203,742.3316650390625,1
GVLiD\healthy\healthy310.jpg,1080,1080,292089,130.16085433213314,639.5742797851562,1
GVLiD\healthy\healthy311.jpg,1080,1080,247572,105.02237020147462,501.7998962402344,1
GVLiD\healthy\healthy312.jpg,1080,1080,266392,93.61092324588475,576.6624755859375,1
GVLiD\healthy\healthy313.jpg,1080,1080,241235,97.33828384516463,499.5928039550781,1
GVLiD\healthy\healthy314.jpg,1080,1080,231317,107.72601927640598,351.69134521484375,1
GVLiD\healthy\healthy315.jpg,1080,1080,281652,125.33495082475991,609.8897705078125,1
GVLiD\healthy\healthy316.jpg,1080,1080,246136,98.608673130144,403.5484313964844,1
GVLiD\healthy\healthy317.jpg,1080,1080,272041,126.7861570301783,586.2767944335938,1
GVLiD\healthy\healthy318.jpg,1080,1080,305377,107.3382436454046,752.3951416015625,1
GVLiD\healthy\healthy319.jpg,1080,1080,262405,107.28907722565161,610.3049926757812,1
GVLiD\healthy\healthy320.jpg,1080,1080,248517,118.73381205332646,334.6322937011719,1
GVLiD\healthy\healthy321.jpg,1080,1080,216445,116.20300475308646,264.9383239746094,1
GVLiD\healthy\healthy322.jpg,1080,1080,365693,120.7005905169753,1197.089111328125,1
GVLiD\healthy\healthy323.jpg,1080,1080,321790,125.14185110596708,1012.7828979492188,1
GVLiD\healthy\healthy324.jpg,1080,1080,272849,113.67078963048692,596.7868041992188,1
GVLiD\healthy\healthy325.jpg,1080,1080,302934,117.10012592335391,735.2137451171875,1
GVLiD\healthy\healthy326.jpg,1080,1080,249455,92.78102594221534,516.6151733398438,1
GVLiD\healthy\healthy327.jpg,1080,1080,318458,111.08654209104938,694.6044921875,1
GVLiD\healthy\healthy328.jpg,1080,1080,285446,113.2812339711934,601.0963745117188,1
GVLiD\healthy\healthy329.jpg,1080,1080,247139,99.29248056498625,432.240478515625,1
GVLiD\healthy\healthy330.jpg,1080,1080,216795,90.3555327597737,302.8390197753906,1
GVLiD\healthy\healthy331.jpg,1080,1080,194402,85.15410202589169,243.4640655517578,1
GVLiD\healthy\healthy332.jpg,1080,1080,279324,127.18369114026059,335.65557861328125,1
GVLiD\healthy\healthy333.jpg,1080,1080,242328,132.12810965620716,254.83843994140625,1
GVLiD\healthy\healthy334.jpg,1080,1080,267732,124.90755003515089,338.4297790527344,1
GVLiD\healthy\healthy335.jpg,1080,1080,237340,127.12917926354596,261.4842224121094,1
GVLiD\healthy\healthy336.jpg,1080,1080,262620,126.78818928583675,595.9810791015625,1
GVLiD\healthy\healthy337.jpg,1080,1080,320257,122.66875414866252,780.1386108398438,1
GVLiD\healthy\healthy338.jpg,1080,1080,233347,93.804284423011,407.2013244628906,1
GVLiD\healthy\healthy339.jpg,1080,1080,205622,97.38418642232504,325.56793212890625,1
GVLiD\healthy\healthy340.jpg,1080,1080,328236,123.22730892403976,855.2714233398438,1
GVLiD\healthy\healthy341.jpg,1080,1080,333004,138.94209872170785,747.2857666015625,1
GVLiD\healthy\healthy342.jpg,1080,1080,409633,110.62807899777091,1313.713134765625,1
GVLiD\healthy\healthy343.jpg,1080,1080,346737,105.03418159979427,1005.40234375,1
GVLiD\healthy\healthy344.jpg,1080,1080,249140,115.2422191786694,285.9907531738281,1
GVLiD\healthy\healthy345.jpg,1080,1080,251919,108.22544756344307,485.67041015625,1
GVLiD\healthy\healthy346.jpg,1080,1080,329237,111.6491716743827,969.2670288085938,1
GVLiD\healthy\healthy347.jpg,1080,1080,289860,112.37326045181753,818.2650146484375,1
GVLiD\healthy\healthy348.jpg,1080,1080,298907,110.15004707733196,788.1762084960938,1
GVLiD\healthy\healthy349.jpg,1080,1080,260842,104.74682357253086,655.0584106445312,1
GVLiD\healthy\healthy350.jpg,1080,1080,289658,110.10760402949246,646.875,1
GVLiD\healthy\healthy351.jpg,1080,1080,259509,127.13964492112477,377.71209716796875,1
GVLiD\healthy\healthy352.jpg,1080,1080,320283,109.05881005829906,884.6015014648438,1
GVLiD\healthy\healthy353.jpg,1080,1080,286856,107.09163099965713,752.628173828125,1
GVLiD\healthy\healthy354.jpg,1080,1080,247939,93.86426843621403,491.90814208984375,1
GVLiD\healthy\healthy355.jpg,1080,1080,218051,92.76427411694098,398.9823913574219,1
GVLiD\healthy\healthy356.jpg,1080,1080,304844,118.77057949674213,858.236328125,1
GVLiD\healthy\healthy357.jpg,1080,1080,268111,121.69307329132374,701.3246459960938,1
GVLiD\healthy\healthy358.jpg,1080,1080,241239,126.23075595936213,318.79473876953125,1
GVLiD\healthy\healthy359.jpg,1080,1080,205573,124.78020073559667,240.939453125,1
GVLiD\healthy\healthy360.jpg,1080,1080,250565,129.4418771039095,512.8729858398438,1
GVLiD\healthy\healthy361.jpg,1080,1080,282141,120.51575735425237,680.9920043945312,1
GVLiD\healthy\healthy362.jpg,1080,1080,215743,97.14883710476684,277.0574645996094,1
GVLiD\healthy\healthy363.jpg,1080,1080,276354,143.8716304029493,392.702392578125,1
GVLiD\healthy\healthy364.jpg,1080,1080,243856,149.64374544152952,344.41107177734375,1
GVLiD\healthy\healthy365.jpg,1080,1080,263673,117.54388864369002,422.11322021484375,1
GVLiD\healthy\healthy366.jpg,1080,1080,309939,98.53274104509602,780.2260131835938,1
GVLiD\healthy\healthy367.jpg,1080,1080,305857,109.87897674296978,658.6873779296875,1
GVLiD\healthy\healthy368.jpg,1080,1080,269975,114.17194185356648,559.2928466796875,1
GVLiD\healthy\healthy369.jpg,1080,1080,269142,114.8297998448217,535.83349609375,1
GVLiD\healthy\healthy370.jpg,1080,1080,230098,114.71894053755142,403.4587097167969,1
GVLiD\healthy\healthy371.jpg,1080,1080,303180,105.56573018604253,748.7659301757812,1
GVLiD\healthy\healthy372.jpg,1080,1080,258657,105.13451876200273,608.6790161132812,1
GVLiD\healthy\healthy373.jpg,1080,1080,258816,93.39916602966392,618.2338256835938,1
GVLiD\healthy\healthy374.jpg,1080,1080,237831,116.77392793724283,293.1478271484375,1
GVLiD\healthy\healthy375.jpg,1080,1080,210784,113.53142592249654,234.46861267089844,1
GVLiD\healthy\healthy376.jpg,1080,1080,290396,107.39597879801099,765.7439575195312,1
GVLiD\healthy\healthy377.jpg,1080,1080,248890,103.15115224622768,638.9104614257812,1
GVLiD\healthy\healthy378.jpg,1080,1080,235867,112.64776826731823,349.4565124511719,1
GVLiD\healthy\healthy379.jpg,1080,1080,201159,124.95672861196842,243.68968200683594,1
GVLiD\healthy\healthy380.jpg,1080,1080,214210,89.09819530778465,381.3621520996094,1
GVLiD\healthy\healthy381.jpg,1080,1080,281775,101.60820426783266,729.9696655273438,1
GVLiD\healthy\healthy382.jpg,1080,1080,321673,104.50789216906722,514.9473266601562,1
GVLiD\healthy\healthy383.jpg,1080,1080,289401,106.71896697445128,448.5139465332031,1
GVLiD\healthy\healthy384.jpg,1080,1080,305739,121.50563032407408,737.6597290039062,1
GVLiD\healthy\healthy385.jpg,1080,1080,270209,123.41608977023316,601.969482421875,1
GVLiD\healthy\healthy386.jpg,1080,1080,279821,122.10685338220169,544.3597412109375,1
GVLiD\healthy\healthy387.jpg,1080,1080,241941,121.08720652692045,440.71630859375,1
GVLiD\healthy\healthy388.jpg,1080,1080,242511,108.23040240312066,533.7369995117188,1
GVLiD\healthy\healthy389.jpg,1080,1080,267611,83.58347654663925,595.0997314453125,1
GVLiD\healthy\healthy390.jpg,1080,1080,232290,83.6635897830933,471.97882080078125,1
GVLiD\healthy\healthy391.jpg,1080,1080,339942,113.06487561985593,879.1372680664062,1
GVLiD\healthy\healthy392.jpg,1080,1080,241977,102.36000638717425,485.3072814941406,1
GVLiD\healthy\healthy393.jpg,1080,1080,323295,105.75432403034976,871.579345703125,1
GVLiD\healthy\healthy394.jpg,1080,1080,280376,106.56237588134425,713.765625,1
GVLiD\healthy\healthy395.jpg,1080,1080,280139,106.82318346364886,574.4238891601562,1
GVLiD\healthy\healthy396.jpg,1080,1080,328144,127.705157662037,888.5843505859375,1
GVLiD\healthy\healthy397.jpg,1080,1080,278358,140.76128018347035,368.1333923339844,1
GVLiD\healthy\healthy398.jpg,1080,1080,247342,144.07485430298348,299.4615783691406,1
GVLiD\healthy\healthy399.jpg,1080,1080,254178,103.55214076045955,500.68817138671875,1
GVLiD\healthy\healthy400.jpg,1080,1080,313219,121.95456937671469,602.8560791015625,1
GVLiD\healthy\healthy401.jpg,1080,1080,277038,125.65729822873801,492.7248840332031,1
GVLiD\healthy\healthy402.jpg,1080,1080,308401,106.2428127263374,822.5792846679688,1
GVLiD\healthy\healthy403.jpg,1080,1080,287832,101.67056776406031,714.2407836914062,1
GVLiD\healthy\healthy404.jpg,1080,1080,235593,93.46620868484221,535.2882080078125,1
GVLiD\healthy\healthy405.jpg,1080,1080,223354,84.0280927340535,376.57568359375,1
GVLiD\healthy\healthy406.jpg,1080,1080,197578,81.58077100222904,303.230712890625,1
GVLiD\healthy\healthy407.jpg,1080,1080,287812,97.11273829646777,666.8579711914062,1
GVLiD\healthy\healthy408.jpg,1080,1080,300068,130.44090093707138,660.4393310546875,1
GVLiD\healthy\healthy409.jpg,1080,1080,265043,122.1394509756516,519.593994140625,1
GVLiD\healthy\healthy410.jpg,1080,1080,230039,122.71094065329224,422.44757080078125,1
GVLiD\healthy\healthy411.jpg,1080,1080,200770,86.88907466735256,305.98077392578125,1
GVLiD\healthy\healthy412.jpg,1080,1080,171832,82.9239558942044,226.72901916503906,1
GVLiD\healthy\healthy413.jpg,1080,1080,354023,118.13918488425922,876.1945190429688,1
GVLiD\healthy\healthy414.jpg,1080,1080,335039,120.3750693904321,820.2792358398438,1
GVLiD\healthy\healthy415.jpg,1080,1080,303603,125.54150368827159,579.7918090820312,1
GVLiD\healthy\healthy416.jpg,1080,1080,291215,112.320648284465,584.14404296875,1
GVLiD\healthy\healthy417.jpg,1080,1080,250529,114.09650754629627,399.1747131347656,1
GVLiD\healthy\healthy418.jpg,1080,1080,304498,109.06869503086418,769.5595092773438,1
GVLiD\healthy\healthy419.jpg,1080,1080,289246,93.92707901491764,712.6875610351562,1
GVLiD\healthy\healthy420.jpg,1080,1080,252681,93.56656697359396,578.65576171875,1
GVLiD\healthy\healthy421.jpg,1080,1080,185006,117.56126535922499,248.57977294921875,1
GVLiD\healthy\healthy422.jpg,1080,1080,196139,142.1966294024348,167.13003540039062,1
GVLiD\healthy\healthy423.jpg,1080,1080,178026,151.93855916923872,124.5505599975586,1
GVLiD\healthy\healthy424.jpg,1080,1080,288150,119.0330877906379,479.5729064941406,1
GVLiD\healthy\healthy425.jpg,1080,1080,284639,119.96752472565159,662.115966796875,1
GVLiD\healthy\healthy426.jpg,1080,1080,358816,130.92086994255837,909.0453491210938,1
GVLiD\healthy\healthy427.jpg,1080,1080,314451,134.4353677194787,765.1384887695312,1
GVLiD\healthy\healthy428.jpg,1080,1080,255195,101.34400121656374,449.0177307128906,1
GVLiD\healthy\healthy429.jpg,1080,1080,227735,102.4427444058642,366.3700866699219,1
GVLiD\healthy\healthy430.jpg,1080,1080,216738,83.06353530092593,380.0428771972656,1
GVLiD\healthy\healthy431.jpg,1080,1080,190056,80.08709101251712,305.26629638671875,1
GVLiD\healthy\healthy432.jpg,1080,1080,240141,124.38817852537724,314.6625671386719,1
GVLiD\healthy\healthy433.jpg,1080,1080,205225,128.5064730238339,224.0881805419922,1
GVLiD\healthy\healthy434.jpg,1080,1080,256345,118.52742075531548,515.8529663085938,1
GVLiD\healthy\healthy435.jpg,1080,1080,225520,119.00360212362826,422.5740051269531,1
GVLiD\healthy\healthy436.jpg,1080,1080,279724,160.04608577760632,337.0857238769531,1
GVLiD\healthy\healthy437.jpg,1080,1080,245434,159.60316673525386,278.2142028808594,1
GVLiD\healthy\healthy438.jpg,1080,1080,285669,137.3659028395061,434.82196044921875,1
GVLiD\healthy\healthy439.jpg,1080,1080,247743,135.20239356138546,364.8047790527344,1
GVLiD\healthy\healthy440.jpg,1080,1080,283025,139.9680532613168,585.3087768554688,1
GVLiD\healthy\healthy441.jpg,1080,1080,227458,105.28159062500004,511.3319091796875,1
GVLiD\healthy\healthy442.jpg,1080,1080,310992,110.39464784722226,862.585693359375,1
GVLiD\healthy\healthy443.jpg,1080,1080,270879,113.63359478223597,712.23046875,1
GVLiD\healthy\healthy444.jpg,1080,1080,223464,127.28103576474619,281.5569763183594,1
GVLiD\healthy\healthy445.jpg,1080,1080,194458,125.93626927040467,225.83303833007812,1
GVLiD\healthy\healthy446.jpg,1080,1080,315717,117.77027277692044,728.8883666992188,1
GVLiD\healthy\healthy447.jpg,1080,1080,233974,103.5122920670439,386.32757568359375,1
GVLiD\healthy\healthy448.jpg,1080,1080,205762,105.39443451045956,313.1680908203125,1
GVLiD\healthy\healthy449.jpg,1080,1080,258666,146.05944091392314,328.3981018066406,1
GVLiD\healthy\healthy450.jpg,1080,1080,229730,145.8935230684156,262.47186279296875,1
GVLiD\healthy\healthy451.jpg,1080,1080,283615,131.9988995387517,415.8464050292969,1
GVLiD\healthy\healthy452.jpg,1080,1080,241478,136.11197802297661,306.0265808105469,1
GVLiD\healthy\healthy453.jpg,1080,1080,331616,110.72425957904666,730.1990966796875,1
GVLiD\healthy\healthy454.jpg,1080,1080,322664,128.1358663263031,709.5192260742188,1
GVLiD\healthy\healthy455.jpg,1080,1080,276305,133.78471516975307,555.032470703125,1
GVLiD\healthy\healthy456.jpg,1080,1080,305917,117.33422567301093,691.314208984375,1
GVLiD\healthy\healthy457.jpg,1080,1080,228451,124.2188404158093,331.0973815917969,1
GVLiD\healthy\healthy458.jpg,1080,1080,345063,138.70933415552125,854.892822265625,1
GVLiD\healthy\healthy459.jpg,1080,1080,342752,123.91038396519201,848.304931640625,1
GVLiD\healthy\healthy460.jpg,1080,1080,225683,123.90435329218106,259.32000732421875,1
GVLiD\healthy\healthy461.jpg,1080,1080,204044,119.69751616941014,224.96322631835938,1
GVLiD\healthy\healthy462.jpg,1080,1080,280983,130.93986249399865,512.896484375,1
GVLiD\healthy\healthy463.jpg,1080,1080,249466,135.6532295593278,436.8832092285156,1
GVLiD\healthy\healthy464.jpg,1080,1080,237624,114.49832193672849,415.874755859375,1
GVLiD\healthy\healthy465.jpg,1080,1080,209786,114.41490446844992,344.1997375488281,1
GVLiD\healthy\healthy466.jpg,1080,1080,294045,132.26361391975303,598.7064208984375,1
GVLiD\healthy\healthy467.jpg,1080,1080,354435,125.18307169152945,920.2359619140625,1
GVLiD\healthy\healthy468.jpg,1080,1080,303483,123.73978751286009,752.5400390625,1
GVLiD\healthy\healthy469.jpg,1080,1080,268486,100.42426397805218,576.7066650390625,1
GVLiD\healthy\healthy470.jpg,1080,1080,231526,100.93685994513035,462.52789306640625,1
GVLiD\healthy\healthy471.jpg,1080,1080,341137,119.39387086676952,922.8043823242188,1
GVLiD\healthy\healthy472.jpg,1080,1080,306540,105.66363533350481,778.9830322265625,1
GVLiD\healthy\healthy473.jpg,1080,1080,320582,118.9427155444101,804.4093627929688,1
GVLiD\healthy\healthy474.jpg,1080,1080,349008,112.086306624657,1056.18310546875,1
GVLiD\healthy\healthy475.jpg,1080,1080,294095,109.98815331275723,851.52880859375,1
GVLiD\healthy\healthy476.jpg,1080,1080,326859,132.65777542695471,809.5003662109375,1
GVLiD\healthy\healthy477.jpg,1080,1080,296659,106.99899706447191,730.3859252929688,1
GVLiD\healthy\healthy478.jpg,1080,1080,253006,90.47727642575448,469.6564025878906,1
GVLiD\healthy\healthy479.jpg,1080,1080,219904,88.17428628686557,369.53240966796875,1
GVLiD\healthy\healthy480.jpg,1080,1080,293185,110.09353959104936,698.5145874023438,1
GVLiD\healthy\healthy481.jpg,1080,1080,352696,108.50218422668037,1095.912841796875,1
GVLiD\healthy\healthy482.jpg,1080,1080,299128,104.62749894975994,905.7734375,1
GVLiD\healthy\healthy483.jpg,1080,1080,234838,116.45706164694793,404.4833984375,1
GVLiD\healthy\healthy484.jpg,1080,1080,304168,115.32622426611799,776.5250244140625,1
GVLiD\healthy\healthy485.jpg,1080,1080,184141,83.4424586848422,136.11585998535156,1
GVLiD\healthy\healthy486.jpg,1080,1080,158608,78.55413357681758,102.53021240234375,1
GVLiD\healthy\healthy487.jpg,1080,1080,303345,101.02568106395749,813.5895385742188,1
GVLiD\healthy\healthy488.jpg,1080,1080,247899,107.85620621570644,472.4336242675781,1
GVLiD\healthy\healthy489.jpg,1080,1080,211569,109.03660519375858,364.6935119628906,1
GVLiD\healthy\healthy490.jpg,1080,1080,296963,100.88358040037728,798.6098022460938,1
GVLiD\healthy\healthy491.jpg,1080,1080,256479,102.33455743998627,633.867919921875,1
GVLiD\healthy\healthy492.jpg,1080,1080,266836,100.15629339591908,695.6411743164062,1
GVLiD\healthy\healthy493.jpg,1080,1080,230912,95.60460457390265,555.8035278320312,1
GVLiD\healthy\healthy494.jpg,1080,1080,276276,105.33055452160492,661.391357421875,1
GVLiD\healthy\healthy495.jpg,1080,1080,241131,105.24937068415635,529.2625732421875,1
GVLiD\healthy\healthy496.jpg,1080,1080,268774,118.4473987139918,522.7919921875,1
GVLiD\healthy\healthy497.jpg,1080,1080,278197,124.55820003858022,523.3353881835938,1
GVLiD\healthy\healthy498.jpg,1080,1080,367621,121.80129631515774,1003.4596557617188,1
GVLiD\healthy\healthy499.jpg,1080,1080,321601,119.77968015089166,835.46142578125,1
GVLiD\healthy\healthy500.jpg,1080,1080,285123,113.2415204878258,608.8261108398438,1
GVLiD\healthy\healthy501.jpg,1080,1080,249453,126.32847282578875,410.6640625,1
GVLiD\healthy\healthy502.jpg,1080,1080,293300,89.30711948731137,744.0013427734375,1
GVLiD\healthy\healthy503.jpg,1080,1080,259061,88.44089577760633,604.6155395507812,1
GVLiD\healthy\healthy504.jpg,1080,1080,338076,110.1650661496913,911.1004638671875,1
GVLiD\healthy\healthy505.jpg,1080,1080,309927,115.32105785836765,825.65673828125,1
GVLiD\healthy\healthy506.jpg,1080,1080,318894,113.24474148576815,878.8071899414062,1
GVLiD\healthy\healthy507.jpg,1080,1080,275700,99.05762993141289,608.0850219726562,1
GVLiD\healthy\healthy508.jpg,1080,1080,239523,94.3408523019547,466.2093811035156,1
GVLiD\healthy\healthy509.jpg,1080,1080,324653,116.59474593278465,831.7000122070312,1
GVLiD\healthy\healthy510.jpg,1080,1080,277762,114.31283897290805,684.4949951171875,1
GVLiD\healthy\healthy511.jpg,1080,1080,262056,121.75639372427977,557.3782958984375,1
GVLiD\healthy\healthy512.jpg,1080,1080,220800,117.2937575291495,412.08148193359375,1
GVLiD\healthy\healthy513.jpg,1080,1080,257762,106.23455758659124,445.6808776855469,1
GVLiD\healthy\healthy514.jpg,1080,1080,175014,120.80721422239364,103.00323486328125,1
GVLiD\healthy\healthy515.jpg,1080,1080,162688,116.33411130915634,97.52913665771484,1
GVLiD\healthy\healthy516.jpg,1080,1080,276566,130.9672466949588,436.38861083984375,1
GVLiD\healthy\healthy517.jpg,1080,1080,294859,142.9933102254801,544.8060302734375,1
GVLiD\healthy\healthy518.jpg,1080,1080,249284,144.4932639660494,399.0666198730469,1
GVLiD\healthy\healthy519.jpg,1080,1080,298177,139.38980057870373,397.32379150390625,1
GVLiD\healthy\healthy520.jpg,1080,1080,277069,150.72930113340192,351.322265625,1
GVLiD\healthy\healthy521.jpg,1080,1080,303395,122.36688036265419,742.6160888671875,1
GVLiD\healthy\healthy522.jpg,1080,1080,357125,106.24904920010286,1027.7474365234375,1
GVLiD\healthy\healthy523.jpg,1080,1080,258889,155.5134467275376,215.9080047607422,1
GVLiD\healthy\healthy524.jpg,1080,1080,225119,161.40080314214688,164.37432861328125,1
GVLiD\healthy\healthy525.jpg,1080,1080,267967,107.11901984139232,495.07110595703125,1
GVLiD\healthy\healthy526.jpg,1080,1080,261239,109.32890100308636,546.656494140625,1
GVLiD\healthy\healthy527.jpg,1080,1080,288029,119.57487319787381,577.21142578125,1
GVLiD\healthy\healthy528.jpg,1080,1080,257210,127.7994151646091,477.7935791015625,1
GVLiD\healthy\healthy529.jpg,1080,1080,293284,106.03124466820987,780.4004516601562,1
GVLiD\healthy\healthy530.jpg,1080,1080,253153,101.36604773834017,625.2171630859375,1
GVLiD\healthy\healthy531.jpg,1080,1080,218252,99.84696999657059,200.26513671875,1
GVLiD\healthy\healthy532.jpg,1080,1080,185572,95.92080516803843,141.18634033203125,1
GVLiD\healthy\healthy533.jpg,1080,1080,355038,118.73527700617284,1160.2091064453125,1
GVLiD\healthy\healthy534.jpg,1080,1080,332107,102.8675698628258,899.0565795898438,1
GVLiD\healthy\healthy535.jpg,1080,1080,284725,101.2521924957133,739.2332153320312,1
GVLiD\healthy\healthy536.jpg,1080,1080,342024,116.56065352880665,875.4470825195312,1
GVLiD\healthy\healthy537.jpg,1080,1080,253451,94.39936141460903,580.2902221679688,1
GVLiD\healthy\healthy538.jpg,1080,1080,310208,96.279375364369,697.598388671875,1
GVLiD\healthy\healthy539.jpg,1080,1080,260097,88.68662597307954,530.3746337890625,1
GVLiD\healthy\healthy540.jpg,1080,1080,273623,119.61976895919062,513.6309204101562,1
GVLiD\healthy\healthy541.jpg,1080,1080,282645,111.38654859567899,711.6740112304688,1
GVLiD\healthy\healthy542.jpg,1080,1080,245593,114.8948681850137,563.90576171875,1
GVLiD\healthy\healthy543.jpg,1080,1080,235317,97.96474436299727,469.7523193359375,1
GVLiD\healthy\healthy544.jpg,1080,1080,313622,113.35685051097387,835.2982788085938,1
GVLiD\healthy\healthy545.jpg,1080,1080,266714,110.70750966992456,653.8264770507812,1
GVLiD\healthy\healthy546.jpg,1080,1080,312587,105.66579238854598,710.0745239257812,1
GVLiD\healthy\healthy547.jpg,1080,1080,270224,110.20516475394376,558.3123168945312,1
GVLiD\healthy\healthy548.jpg,1080,1080,265758,115.50604794924553,560.8992309570312,1
GVLiD\healthy\healthy549.jpg,1080,1080,309152,128.20732457475995,708.0828247070312,1
GVLiD\healthy\healthy550.jpg,1080,1080,265362,129.75139338134434,566.7199096679688,1
GVLiD\healthy\healthy551.jpg,1080,1080,310816,116.62068669152953,665.5611572265625,1
GVLiD\healthy\healthy552.jpg,1080,1080,210563,93.87141280092595,322.2207946777344,1
GVLiD\healthy\healthy553.jpg,1080,1080,245361,104.22851247856654,556.2045288085938,1
GVLiD\healthy\healthy554.jpg,1080,1080,252031,95.54499981995885,563.773193359375,1
GVLiD\healthy\healthy555.jpg,1080,1080,229290,96.97101042009601,285.2861633300781,1
GVLiD\healthy\healthy556.jpg,1080,1080,202071,99.50747991683814,228.71665954589844,1
GVLiD\healthy\healthy557.jpg,1080,1080,311873,143.7118630332647,397.81427001953125,1
GVLiD\healthy\healthy558.jpg,1080,1080,272196,146.68789570816188,337.88909912109375,1
GVLiD\healthy\healthy559.jpg,1080,1080,223130,94.7449978266461,370.5323486328125,1
GVLiD\healthy\healthy560.jpg,1080,1080,203139,104.33089077932104,291.59246826171875,1
GVLiD\healthy\healthy561.jpg,1080,1080,335828,114.25098284807952,1009.9341430664062,1
GVLiD\healthy\healthy562.jpg,1080,1080,290147,114.32522109139236,779.5374755859375,1
GVLiD\healthy\healthy563.jpg,1080,1080,285703,102.9864986685528,640.702392578125,1
GVLiD\healthy\healthy564.jpg,1080,1080,287192,107.89378980967076,686.3406372070312,1
GVLiD\healthy\healthy565.jpg,1080,1080,264462,94.3353219933127,507.9333190917969,1
GVLiD\healthy\healthy566.jpg,1080,1080,297877,141.28877961334015,743.264404296875,1
GVLiD\healthy\healthy567.jpg,1080,1080,330072,120.72347515860767,765.9152221679688,1
GVLiD\healthy\healthy568.jpg,1080,1080,200160,108.24863642918385,192.45191955566406,1
GVLiD\healthy\healthy569.jpg,1080,1080,197642,143.49735439643348,280.8784484863281,1
GVLiD\healthy\healthy570.jpg,1080,1080,374700,111.1484299759945,1342.4266357421875,1
GVLiD\healthy\healthy571.jpg,1080,1080,229150,97.87841243741424,321.0120544433594,1
GVLiD\healthy\healthy572.jpg,1080,1080,205839,93.77675893261318,269.8883972167969,1
GVLiD\healthy\healthy573.jpg,1080,1080,284046,113.5787637611454,558.0862426757812,1
GVLiD\healthy\healthy574.jpg,1080,1080,240262,122.52521067729764,377.67803955078125,1
GVLiD\healthy\healthy575.jpg,1080,1080,286137,114.39957647633742,694.5012817382812,1
GVLiD\healthy\healthy576.jpg,1080,1080,243285,110.30112194015773,548.5011596679688,1
GVLiD\healthy\healthy577.jpg,1080,1080,270472,106.96961600651575,543.4576416015625,1
GVLiD\healthy\healthy578.jpg,1080,1080,234962,110.00746741340882,436.5308837890625,1
GVLiD\healthy\healthy579.jpg,1080,1080,302022,129.0394402794925,554.4923706054688,1
GVLiD\healthy\healthy580.jpg,1080,1080,263865,107.60797830761315,517.492919921875,1
GVLiD\healthy\healthy581.jpg,1080,1080,229468,108.6814249219822,411.40655517578125,1
GVLiD\healthy\healthy582.jpg,1080,1080,357968,133.94368088820303,926.7039794921875,1
GVLiD\healthy\healthy583.jpg,1080,1080,157389,78.24377689814816,150.26629638671875,1
GVLiD\healthy\healthy584.jpg,1080,1080,239204,79.68480762945819,457.55316162109375,1
GVLiD\healthy\healthy585.jpg,1080,1080,217597,81.90752731824416,392.2716369628906,1
GVLiD\healthy\healthy586.jpg,1080,1080,267940,111.7529247985254,486.0192565917969,1
GVLiD\healthy\healthy587.jpg,1080,1080,224555,112.59194431670095,363.4654235839844,1
GVLiD\healthy\healthy588.jpg,1080,1080,285269,124.6083863203018,672.9978637695312,1
GVLiD\healthy\healthy589.jpg,1080,1080,234131,85.05113539523319,362.4055480957031,1
GVLiD\healthy\healthy590.jpg,1080,1080,205704,79.9762331824417,293.828125,1
GVLiD\healthy\healthy591.jpg,1080,1080,332980,105.21102070044586,735.5223388671875,1
GVLiD\healthy\healthy592.jpg,1080,1080,289452,107.66894165466388,601.470947265625,1
GVLiD\healthy\healthy593.jpg,1080,1080,264026,105.31624015775036,529.1187133789062,1
GVLiD\healthy\healthy594.jpg,1080,1080,236660,111.69846076131688,430.69940185546875,1
GVLiD\healthy\healthy595.jpg,1080,1080,211924,141.41163160751023,198.71763610839844,1
GVLiD\healthy\healthy596.jpg,1080,1080,188869,142.7484305298354,157.2049102783203,1
GVLiD\healthy\healthy597.jpg,1080,1080,350128,120.80439699674211,887.2142944335938,1
GVLiD\healthy\healthy598.jpg,1080,1080,272784,131.7907899845679,521.7950439453125,1
GVLiD\healthy\healthy599.jpg,1080,1080,305037,110.57232977023321,779.8378295898438,1
GVLiD\healthy\healthy600.jpg,1080,1080,261673,111.23418076388886,633.1630249023438,1
GVLiD\healthy\healthy601.jpg,1080,1080,237186,115.53018390775038,307.052734375,1
GVLiD\healthy\healthy602.jpg,1080,1080,246929,144.74245238768862,218.24386596679688,1
GVLiD\healthy\healthy603.jpg,1080,1080,226686,155.13996464163233,175.66937255859375,1
GVLiD\healthy\healthy604.jpg,1080,1080,236491,95.688096773834,391.64495849609375,1
GVLiD\healthy\healthy605.jpg,1080,1080,212567,96.21051780949931,296.99957275390625,1
GVLiD\healthy\healthy606.jpg,1080,1080,260714,106.55772342935529,480.7771301269531,1
GVLiD\healthy\healthy607.jpg,1080,1080,223181,101.91475729166667,385.3997802734375,1
GVLiD\healthy\healthy608.jpg,1080,1080,300119,117.15353143947186,702.6944580078125,1
GVLiD\healthy\healthy609.jpg,1080,1080,304742,118.95401187842934,688.0535888671875,1
GVLiD\healthy\healthy610.jpg,1080,1080,262201,122.91309502057607,538.3452758789062,1
GVLiD\healthy\healthy611.jpg,1080,1080,254654,94.04618635288062,388.1456604003906,1
GVLiD\healthy\healthy612.jpg,1080,1080,223072,90.24449780692728,316.40325927734375,1
GVLiD\healthy\healthy613.jpg,1080,1080,278293,127.69735353480792,637.6038208007812,1
GVLiD\healthy\healthy614.jpg,1080,1080,241834,127.64013666580935,534.7576904296875,1
GVLiD\healthy\healthy615.jpg,1080,1080,159360,107.22862954646779,119.01282501220703,1
GVLiD\healthy\healthy616.jpg,1080,1080,147250,116.79233091220844,99.70895385742188,1
GVLiD\healthy\healthy617.jpg,1080,1080,358300,88.3591214317559,1049.3636474609375,1
GVLiD\healthy\healthy618.jpg,1080,1080,322487,82.76404254115229,921.202392578125,1
GVLiD\healthy\healthy619.jpg,1080,1080,323598,129.6795752391975,706.103515625,1
GVLiD\healthy\healthy620.jpg,1080,1080,264743,147.47805251971872,277.4502258300781,1
GVLiD\healthy\healthy621.jpg,1080,1080,229724,152.862322555727,211.57986450195312,1
GVLiD\healthy\healthy622.jpg,1080,1080,312959,111.41110449159805,775.7866821289062,1
GVLiD\healthy\healthy623.jpg,1080,1080,189777,159.21716410751034,97.41508483886719,1
GVLiD\healthy\healthy624.jpg,1080,1080,173765,162.11374923611115,76.91482543945312,1
GVLiD\healthy\healthy625.jpg,1080,1080,246694,119.47961492112483,378.83544921875,1
GVLiD\healthy\healthy626.jpg,1080,1080,314930,120.72668595764742,890.7874755859375,1
GVLiD\healthy\healthy627.jpg,1080,1080,272034,124.1827321099109,712.8845825195312,1
GVLiD\healthy\healthy628.jpg,1080,1080,234248,105.71076936642659,402.3328857421875,1
GVLiD\healthy\healthy629.jpg,1080,1080,285150,115.5900349339849,648.32861328125,1
GVLiD\healthy\healthy630.jpg,1080,1080,203214,113.65969569615915,175.24618530273438,1
GVLiD\healthy\healthy631.jpg,1080,1080,182571,110.70939968878601,137.58383178710938,1
GVLiD\healthy\healthy632.jpg,1080,1080,320645,114.35769907578872,686.806396484375,1
GVLiD\healthy\healthy633.jpg,1080,1080,265488,116.9117229723937,501.4853210449219,1
GVLiD\healthy\healthy634.jpg,1080,1080,288317,123.66814577074763,728.3543090820312,1
GVLiD\healthy\healthy635.jpg,1080,1080,264684,130.08596184242109,530.5296020507812,1
GVLiD\healthy\healthy636.jpg,1080,1080,234911,99.91055368912892,211.6654815673828,1
GVLiD\healthy\healthy637.jpg,1080,1080,210807,95.60113417781214,174.05152893066406,1
GVLiD\healthy\healthy638.jpg,1080,1080,336078,102.66415617541152,882.492431640625,1
GVLiD\healthy\healthy639.jpg,1080,1080,336078,102.66415617541152,882.492431640625,1
GVLiD\healthy\healthy640.jpg,1080,1080,261168,104.17128501628942,595.0364990234375,1
GVLiD\healthy\healthy641.jpg,1080,1080,361940,119.56696824931416,1021.9752807617188,1
GVLiD\healthy\healthy642.jpg,1080,1080,361940,119.56696824931416,1021.9752807617188,1
GVLiD\healthy\healthy643.jpg,1080,1080,255412,129.63152672239372,581.2488403320312,1
GVLiD\healthy\healthy644.jpg,1080,1080,261494,108.87531326303157,349.5769958496094,1
GVLiD\healthy\healthy645.jpg,1080,1080,222698,102.34939958762007,266.7229309082031,1
GVLiD\healthy\healthy646.jpg,1080,1080,243730,110.80937284979423,478.8151550292969,1
GVLiD\healthy\healthy647.jpg,1080,1080,332911,112.35177690672155,806.006103515625,1
GVLiD\healthy\healthy648.jpg,1080,1080,332911,112.35177690672155,806.006103515625,1
GVLiD\healthy\healthy649.jpg,1080,1080,306500,107.45974866769554,816.03271484375,1
GVLiD\healthy\healthy650.jpg,1080,1080,306500,107.45974866769554,816.03271484375,1
GVLiD\healthy\healthy651.jpg,1080,1080,263264,107.48837196159121,674.408203125,1
GVLiD\healthy\healthy652.jpg,1080,1080,317950,103.44215448731141,844.364013671875,1
GVLiD\healthy\healthy653.jpg,1080,1080,281738,118.70693537808633,455.8542785644531,1
GVLiD\healthy\healthy654.jpg,1080,1080,226324,118.62711345164611,228.93296813964844,1
GVLiD\healthy\healthy655.jpg,1080,1080,226324,118.62711345164611,228.93296813964844,1
GVLiD\healthy\healthy656.jpg,1080,1080,239184,112.97304434070647,399.6263732910156,1
GVLiD\healthy\healthy657.jpg,1080,1080,239184,112.97304434070647,399.6263732910156,1
GVLiD\healthy\healthy658.jpg,1080,1080,242653,106.57189177640605,525.8427734375,1
GVLiD\healthy\healthy659.jpg,1080,1080,242653,106.57189177640605,525.8427734375,1
GVLiD\healthy\healthy660.jpg,1080,1080,310955,122.07303699588475,563.14306640625,1
GVLiD\healthy\healthy661.jpg,1080,1080,292723,118.3508505538409,664.0673217773438,1
GVLiD\healthy\healthy662.jpg,1080,1080,292723,118.3508505538409,664.0673217773438,1
GVLiD\healthy\healthy663.jpg,1080,1080,319890,122.46341629029487,627.0790405273438,1
GVLiD\healthy\healthy664.jpg,1080,1080,319890,122.46341629029487,627.0790405273438,1
GVLiD\healthy\healthy665.jpg,1080,1080,289850,114.55260160751027,573.5891723632812,1
GVLiD\healthy\healthy666.jpg,1080,1080,237090,99.96667714334708,437.2635803222656,1
GVLiD\healthy\healthy667.jpg,1080,1080,179877,141.22519230967075,152.61929321289062,1
GVLiD\healthy\healthy668.jpg,1080,1080,162609,144.50147069701652,101.95579528808594,1
GVLiD\healthy\healthy669.jpg,1080,1080,237886,94.37641361025376,462.91796875,1
GVLiD\healthy\healthy670.jpg,1080,1080,341732,119.40765821587782,792.6743774414062,1
GVLiD\healthy\healthy671.jpg,1080,1080,341732,119.40765821587782,792.6743774414062,1
GVLiD\healthy\healthy672.jpg,1080,1080,279163,105.80225306241425,586.5057983398438,1
GVLiD\healthy\healthy673.jpg,1080,1080,197968,113.6217861213992,193.0418701171875,1
GVLiD\healthy\healthy674.jpg,1080,1080,197968,113.6217861213992,193.0418701171875,1
GVLiD\healthy\healthy675.jpg,1080,1080,279770,130.34829787551445,572.7642822265625,1
GVLiD\healthy\healthy676.jpg,1080,1080,279770,130.34829787551445,572.7642822265625,1
GVLiD\healthy\healthy677.jpg,1080,1080,227452,92.321618076989,310.3617248535156,1
GVLiD\healthy\healthy678.jpg,1080,1080,273591,121.79032215877918,571.7302856445312,1
GVLiD\healthy\healthy679.jpg,1080,1080,273591,121.79032215877918,571.7302856445312,1
GVLiD\healthy\healthy680.jpg,1080,1080,286174,103.96887416409466,594.0096435546875,1
GVLiD\healthy\healthy681.jpg,1080,1080,255712,137.53333161694107,517.0894775390625,1
GVLiD\healthy\healthy682.jpg,1080,1080,202500,73.03579505315503,379.91839599609375,1
GVLiD\healthy\healthy683.jpg,1080,1080,360156,111.48221613425922,948.6785278320312,1
GVLiD\healthy\healthy684.jpg,1080,1080,251886,108.8778868287037,546.3484497070312,1
GVLiD\healthy\healthy685.jpg,1080,1080,265069,109.46581619855965,514.9437866210938,1
GVLiD\healthy\healthy686.jpg,1080,1080,288761,115.45474052469137,659.7767944335938,1
GVLiD\healthy\healthy687.jpg,1080,1080,275558,113.42784340963651,565.947021484375,1
GVLiD\healthy\healthy688.jpg,1080,1080,275558,113.42784340963651,565.947021484375,1
GVLiD\healthy\healthy689.jpg,1080,1080,307812,119.57966731224286,737.380615234375,1
GVLiD\healthy\healthy690.jpg,1080,1080,274995,125.89343158264742,631.3204345703125,1
GVLiD\healthy\healthy691.jpg,1080,1080,251853,94.8679236419753,535.0301513671875,1
GVLiD\healthy\healthy692.jpg,1080,1080,277848,131.77733136402603,588.72607421875,1
GVLiD\healthy\healthy693.jpg,1080,1080,342788,102.99002858882031,971.4203491210938,1
GVLiD\healthy\healthy694.jpg,1080,1080,342788,102.99002858882031,971.4203491210938,1
GVLiD\healthy\healthy695.jpg,1080,1080,277253,157.10901565929362,332.998046875,1
GVLiD\healthy\healthy696.jpg,1080,1080,285611,127.41280335991082,548.5347900390625,1
GVLiD\healthy\healthy697.jpg,1080,1080,228734,76.99260182098764,429.5631408691406,1
GVLiD\healthy\healthy698.jpg,1080,1080,244141,134.3690817189643,395.7692565917969,1
GVLiD\healthy\healthy699.jpg,1080,1080,262576,114.9666852357682,509.52587890625,1
GVLiD\healthy\healthy700.jpg,1080,1080,303308,117.51216763374484,717.6268310546875,1
GVLiD\healthy\healthy701.jpg,1080,1080,234548,129.4942775677298,240.6614532470703,1
GVLiD\healthy\healthy702.jpg,1080,1080,445878,104.62642618484223,1407.5247802734375,1
GVLiD\healthy\healthy703.jpg,1080,1080,276768,124.47233872513706,532.444091796875,1
GVLiD\healthy\healthy704.jpg,1080,1080,276768,124.47233872513706,532.444091796875,1
GVLiD\healthy\healthy705.jpg,1080,1080,314378,105.26550828103568,824.731689453125,1
GVLiD\healthy\healthy706.jpg,1080,1080,406878,108.0499482115912,1316.3492431640625,1
GVLiD\healthy\healthy707.jpg,1080,1080,287037,101.71113757973244,738.8296508789062,1
GVLiD\healthy\healthy708.jpg,1080,1080,297686,104.27546598765433,846.7338256835938,1
GVLiD\healthy\healthy709.jpg,1080,1080,294273,122.4122676140261,756.6825561523438,1
GVLiD\healthy\healthy710.jpg,1080,1080,245899,95.8245555349794,396.2452392578125,1
GVLiD\healthy\healthy711.jpg,1080,1080,219877,99.0719106584362,402.08514404296875,1
GVLiD\healthy\healthy712.jpg,1080,1080,239111,90.3427981610082,462.8560791015625,1
GVLiD\healthy\healthy713.jpg,1080,1080,224922,95.65518101251715,481.3044738769531,1
GVLiD\healthy\healthy714.jpg,1080,1080,257899,107.7835931147119,606.2254028320312,1
GVLiD\healthy\healthy715.jpg,1080,1080,138052,167.64231595850475,36.021507263183594,1
GVLiD\healthy\healthy716.jpg,1080,1080,185677,108.92152556841569,218.00491333007812,1
GVLiD\healthy\healthy717.jpg,1080,1080,252289,114.2737965594993,505.66650390625,1
GVLiD\healthy\healthy718.jpg,1080,1080,265033,114.3219849717078,640.3107299804688,1
GVLiD\healthy\healthy719.jpg,1080,1080,285514,111.13887501028806,660.5088500976562,1
GVLiD\healthy\healthy720.jpg,1080,1080,262504,93.57925767832647,568.716552734375,1
GVLiD\healthy\healthy721.jpg,1080,1080,255209,136.72325335219475,570.4141235351562,1
GVLiD\healthy\healthy722.jpg,1080,1080,262956,106.8287339197531,436.4251403808594,1
GVLiD\healthy\healthy723.jpg,1080,1080,267278,125.09234066358027,366.389892578125,1
GVLiD\healthy\healthy724.jpg,1080,1080,318672,137.5130067841221,730.84326171875,1
GVLiD\healthy\healthy725.jpg,1080,1080,276098,128.5210696399177,624.9182739257812,1
GVLiD\healthy\healthy726.jpg,1080,1080,312626,127.51742055984226,710.819580078125,1
GVLiD\healthy\healthy727.jpg,1080,1080,287145,115.64624605881345,651.2110595703125,1
GVLiD\healthy\healthy728.jpg,1080,1080,276574,119.5393076045953,493.25311279296875,1
GVLiD\healthy\healthy729.jpg,1080,1080,248126,110.97482646262002,460.1872253417969,1
GVLiD\healthy\healthy730.jpg,1080,1080,234377,130.20884371999313,394.5480651855469,1
GVLiD\healthy\healthy731.jpg,1080,1080,327343,116.06792534379284,937.4859619140625,1
GVLiD\healthy\healthy732.jpg,1080,1080,169868,80.35721512945817,170.9358673095703,1
GVLiD\healthy\healthy733.jpg,1080,1080,300762,101.40946662465707,887.6303100585938,1
GVLiD\healthy\healthy734.jpg,1080,1080,169682,128.9769440303497,110.06259155273438,1
GVLiD\healthy\healthy735.jpg,1080,1080,273513,131.67881399691356,637.768310546875,1
GVLiD\healthy\healthy736.jpg,1080,1080,440688,121.0846901894719,1669.49169921875,1
GVLiD\healthy\healthy737.jpg,1080,1080,211194,81.68588080332653,467.7504577636719,1
GVLiD\healthy\healthy738.jpg,1080,1080,254605,110.74466785236629,565.959716796875,1
GVLiD\healthy\healthy739.jpg,1080,1080,228285,111.29141420096023,405.6837158203125,1
GVLiD\healthy\healthy740.jpg,1080,1080,290702,109.37298460991093,643.5152587890625,1
GVLiD\healthy\healthy741.jpg,1080,1080,260170,100.19047072359402,553.4611206054688,1
GVLiD\healthy\healthy742.jpg,1080,1080,184616,114.60343328960906,190.752197265625,1
GVLiD\healthy\healthy743.jpg,1080,1080,295476,100.73653088991772,768.5235595703125,1
GVLiD\healthy\healthy744.jpg,1080,1080,235086,101.20117771176264,477.3695068359375,1
GVLiD\healthy\healthy745.jpg,1080,1080,341072,118.67547145233195,918.9212036132812,1
GVLiD\healthy\healthy746.jpg,1080,1080,215037,111.05585684585049,319.08502197265625,1
GVLiD\healthy\healthy747.jpg,1080,1080,302467,103.11147239969132,615.250244140625,1
GVLiD\healthy\healthy748.jpg,1080,1080,196820,89.59585716735258,293.6658630371094,1
GVLiD\healthy\healthy749.jpg,1080,1080,255961,115.57191445558985,476.5951843261719,1
GVLiD\healthy\healthy750.jpg,1080,1080,260094,120.50780689814812,521.2750854492188,1
GVLiD\healthy\healthy751.jpg,1080,1080,273166,83.99546568930036,658.5201416015625,1
GVLiD\healthy\healthy752.jpg,1080,1080,309155,140.56741168295608,755.3863525390625,1
GVLiD\healthy\healthy753.jpg,1080,1080,207475,95.00743064729087,337.5418395996094,1
GVLiD\healthy\healthy754.jpg,1080,1080,316593,108.18160879200956,789.2637329101562,1
GVLiD\healthy\healthy755.jpg,1080,1080,165070,168.5464290303497,80.6404037475586,1
GVLiD\healthy\healthy756.jpg,1080,1080,259649,99.14460001457472,619.2619018554688,1
GVLiD\healthy\healthy757.jpg,1080,1080,420278,97.07972940157745,1276.6444091796875,1
GVLiD\healthy\healthy758.jpg,1080,1080,246276,138.62544821844995,257.8278503417969,1
GVLiD\healthy\healthy759.jpg,1080,1080,188110,126.8559330889917,158.05209350585938,1
GVLiD\healthy\healthy760.jpg,1080,1080,206176,100.43444497342247,332.59185791015625,1
GVLiD\healthy\healthy761.jpg,1080,1080,244029,100.87423849022633,501.12451171875,1
GVLiD\healthy\healthy762.jpg,1080,1080,252503,113.26709041409471,666.8018188476562,1
GVLiD\healthy\healthy763.jpg,1080,1080,266875,126.12947639060356,328.1332092285156,1
GVLiD\healthy\healthy764.jpg,1080,1080,297527,108.01770519461591,617.5796508789062,1
GVLiD\healthy\healthy765.jpg,1080,1080,285246,116.22753750000004,571.6129150390625,1
GVLiD\healthy\healthy766.jpg,1080,1080,206249,78.83309382630314,357.52362060546875,1
GVLiD\healthy\healthy767.jpg,1080,1080,285007,95.66828027349106,736.4465942382812,1
GVLiD\healthy\healthy768.jpg,1080,1080,251611,111.21367173010971,525.8596801757812,1
GVLiD\healthy\healthy769.jpg,1080,1080,292265,114.9147329243827,706.2445068359375,1
GVLiD\healthy\healthy770.jpg,1080,1080,212040,115.06364429355283,268.8197937011719,1
GVLiD\healthy\healthy771.jpg,1080,1080,222443,106.21945768004115,439.8207702636719,1
GVLiD\healthy\healthy772.jpg,1080,1080,259269,102.80730242969824,683.853515625,1
GVLiD\healthy\healthy773.jpg,1080,1080,321722,131.77322773576822,753.4931030273438,1
GVLiD\healthy\healthy774.jpg,1080,1080,264565,103.86914963648832,588.3811645507812,1
GVLiD\healthy\healthy775.jpg,1080,1080,269557,116.31697587791498,555.9841918945312,1
GVLiD\healthy\healthy776.jpg,1080,1080,317610,122.17382377143349,772.6983642578125,1
GVLiD\healthy\healthy777.jpg,1080,1080,287336,120.04814870541831,610.0216064453125,1
GVLiD\healthy\healthy778.jpg,1080,1080,278131,96.44138350651576,413.22723388671875,1
GVLiD\healthy\healthy779.jpg,1080,1080,282753,115.49371378257887,461.2121887207031,1
GVLiD\healthy\healthy780.jpg,1080,1080,223843,113.6424530058299,259.365966796875,1
GVLiD\healthy\healthy781.jpg,1080,1080,186488,87.80114204818246,228.8485565185547,1
GVLiD\healthy\healthy782.jpg,1080,1080,212856,95.07509786265429,326.5426940917969,1
GVLiD\healthy\healthy783.jpg,1080,1080,199120,92.17160762860085,273.4885559082031,1
GVLiD\healthy\healthy784.jpg,1080,1080,266491,97.82153663151576,615.1950073242188,1
GVLiD\healthy\healthy785.jpg,1080,1080,288150,135.89674348679694,663.8171997070312,1
GVLiD\healthy\healthy786.jpg,1080,1080,331012,128.6277973894033,804.7516479492188,1
GVLiD\healthy\healthy787.jpg,1080,1080,215117,111.99130487997255,221.68295288085938,1
GVLiD\healthy\healthy788.jpg,1080,1080,301192,133.33344105452676,609.0516357421875,1
GVLiD\healthy\healthy789.jpg,1080,1080,254038,101.73129644718794,623.5421752929688,1
GVLiD\healthy\healthy790.jpg,1080,1080,251361,127.5201910168038,548.7485961914062,1
GVLiD\healthy\healthy791.jpg,1080,1080,281911,129.56604673010975,499.0169677734375,1
GVLiD\healthy\healthy792.jpg,1080,1080,206191,100.3804595130316,319.8182067871094,1
GVLiD\healthy\healthy793.jpg,1080,1080,255199,106.66756608967762,448.9611511230469,1
GVLiD\healthy\healthy794.jpg,1080,1080,219189,88.72068266032234,389.11260986328125,1
GVLiD\healthy\healthy795.jpg,1080,1080,165051,105.87211285665293,159.15109252929688,1
GVLiD\healthy\healthy796.jpg,1080,1080,239697,110.90616649519887,466.4453125,1
GVLiD\healthy\healthy797.jpg,1080,1080,256879,111.90820693501375,670.2763061523438,1
GVLiD\healthy\healthy798.jpg,1080,1080,231035,97.56701835133747,458.6097412109375,1
GVLiD\healthy\healthy799.jpg,1080,1080,290597,126.58928393947191,592.7540893554688,1
GVLiD\healthy\healthy800.jpg,1080,1080,170240,120.40000554526746,186.01980590820312,1
GVLiD\healthy\healthy801.jpg,1080,1080,203155,77.04730753172156,315.9713439941406,1
GVLiD\healthy\healthy802.jpg,1080,1080,295075,125.78804649519894,751.6760864257812,1
GVLiD\healthy\healthy803.jpg,1080,1080,248169,106.15621733539093,544.864501953125,1
GVLiD\healthy\healthy804.jpg,1080,1080,226558,121.80950305641288,402.26385498046875,1
GVLiD\healthy\healthy805.jpg,1080,1080,240632,122.1269262757202,455.15435791015625,1
GVLiD\healthy\healthy806.jpg,1080,1080,176809,132.06986464077505,156.6599884033203,1
GVLiD\healthy\healthy807.jpg,1080,1080,321465,126.81064526748972,853.3663940429688,1
GVLiD\healthy\healthy808.jpg,1080,1080,206313,117.10348735768177,240.3102569580078,1
GVLiD\healthy\healthy809.jpg,1080,1080,292884,131.29650774091212,595.794921875,1
GVLiD\healthy\healthy810.jpg,1080,1080,301717,98.76460095593279,689.9749145507812,1
GVLiD\healthy\healthy811.jpg,1080,1080,293454,117.24414517832646,677.2286376953125,1
GVLiD\healthy\healthy812.jpg,1080,1080,257827,112.6388352160494,501.9856872558594,1
GVLiD\healthy\healthy813.jpg,1080,1080,239110,121.71039490140603,431.19024658203125,1
GVLiD\healthy\healthy814.jpg,1080,1080,227921,100.42855903720853,387.5434265136719,1
GVLiD\healthy\healthy815.jpg,1080,1080,279140,108.30879746227707,785.358154296875,1
GVLiD\healthy\healthy816.jpg,1080,1080,225534,106.78816896862142,354.30828857421875,1
GVLiD\healthy\healthy817.jpg,1080,1080,310292,123.69899587105623,512.4190673828125,1
GVLiD\healthy\healthy818.jpg,1080,1080,243103,83.73128325017144,573.1786499023438,1
GVLiD\healthy\healthy819.jpg,1080,1080,148022,120.01392542009602,60.84388732910156,1
GVLiD\healthy\healthy820.jpg,1080,1080,263382,120.8842899682785,383.94171142578125,1
GVLiD\healthy\healthy821.jpg,1080,1080,276059,107.95316472307951,574.8377075195312,1
GVLiD\healthy\healthy822.jpg,1080,1080,297696,136.70792265346367,690.444580078125,1
GVLiD\healthy\healthy823.jpg,1080,1080,301183,114.28118824502745,765.5477294921875,1
GVLiD\healthy\healthy824.jpg,1080,1080,184060,120.88476180298356,150.34811401367188,1
GVLiD\healthy\healthy825.jpg,1080,1080,255917,126.59429636831277,581.579833984375,1
GVLiD\healthy\healthy826.jpg,1080,1080,208677,165.0977848156722,120.9194107055664,1
GVLiD\healthy\healthy827.jpg,1080,1080,226774,141.2323120567559,251.7731475830078,1
GVLiD\healthy\healthy828.jpg,1080,1080,262320,102.45722695473249,572.7725830078125,1
GVLiD\healthy\healthy829.jpg,1080,1080,268703,150.33231458504795,367.1492614746094,1
GVLiD\healthy\healthy830.jpg,1080,1080,216946,93.16724983539093,294.14923095703125,1
GVLiD\healthy\healthy831.jpg,1080,1080,230897,120.20695833161862,365.6583557128906,1
GVLiD\healthy\healthy832.jpg,1080,1080,194339,85.18774630486972,312.4307556152344,1
GVLiD\healthy\healthy833.jpg,1080,1080,332048,125.36805454218108,852.87060546875,1
GVLiD\healthy\healthy834.jpg,1080,1080,210255,103.1667287259945,220.97915649414062,1
GVLiD\healthy\healthy835.jpg,1080,1080,246354,145.12133500342932,266.0856628417969,1
GVLiD\healthy\healthy836.jpg,1080,1080,295264,106.57272934585048,706.03076171875,1
GVLiD\healthy\healthy837.jpg,1080,1080,387651,118.9612115166324,1099.8897705078125,1
GVLiD\healthy\healthy838.jpg,1080,1080,298570,112.37413828875178,733.9443359375,1
GVLiD\healthy\healthy839.jpg,1080,1080,289974,145.27830547153627,377.34234619140625,1
GVLiD\healthy\healthy840.jpg,1080,1080,263472,120.03094972479417,470.50128173828125,1
GVLiD\healthy\healthy841.jpg,1080,1080,287384,127.41845876457481,588.9255981445312,1
GVLiD\healthy\healthy842.jpg,1080,1080,279668,108.8359751303155,659.0330810546875,1
GVLiD\healthy\healthy843.jpg,1080,1080,257828,125.78039927297667,423.5312194824219,1
GVLiD\healthy\healthy844.jpg,1080,1080,282346,92.7407938151577,844.494140625,1
GVLiD\healthy\healthy845.jpg,1080,1080,175050,94.31590797582302,221.8682098388672,1
GVLiD\healthy\healthy846.jpg,1080,1080,217134,132.20046392918383,280.33868408203125,1
GVLiD\healthy\healthy847.jpg,1080,1080,279045,133.41229348422502,557.9934692382812,1
GVLiD\healthy\healthy848.jpg,1080,1080,246875,84.61529633230452,528.6956787109375,1
GVLiD\healthy\healthy849.jpg,1080,1080,198859,99.73219305469819,233.4088897705078,1
GVLiD\healthy\healthy850.jpg,1080,1080,293362,122.51530402949246,758.1891479492188,1
GVLiD\healthy\healthy851.jpg,1080,1080,184169,96.02147730024004,98.07231140136719,1
GVLiD\healthy\healthy852.jpg,1080,1080,241982,94.26423758230453,527.9093627929688,1
GVLiD\healthy\healthy853.jpg,1080,1080,252494,96.14143597993832,606.138916015625,1
GVLiD\healthy\healthy854.jpg,1080,1080,353846,101.48805705504114,922.864501953125,1
GVLiD\healthy\healthy855.jpg,1080,1080,236520,103.6353698894033,427.4574890136719,1
GVLiD\healthy\healthy856.jpg,1080,1080,357775,126.21483477880658,885.3522338867188,1
GVLiD\healthy\healthy857.jpg,1080,1080,156269,84.24137757630317,94.92092895507812,1
GVLiD\healthy\healthy858.jpg,1080,1080,305973,122.5195189703361,672.1246337890625,1
GVLiD\healthy\healthy859.jpg,1080,1080,268629,110.04053956704388,630.0462646484375,1
GVLiD\healthy\healthy860.jpg,1080,1080,300189,119.62659466135112,788.3309936523438,1
GVLiD\healthy\healthy861.jpg,1080,1080,211053,127.66969366169411,215.53306579589844,1
GVLiD\healthy\healthy862.jpg,1080,1080,272227,113.65380316872434,499.3918151855469,1
GVLiD\healthy\healthy863.jpg,1080,1080,222688,81.92256117884087,461.0497131347656,1
GVLiD\healthy\healthy864.jpg,1080,1080,232850,91.73982923353908,456.1077575683594,1
GVLiD\healthy\healthy865.jpg,1080,1080,225686,165.78640669667354,219.27877807617188,1
GVLiD\healthy\healthy866.jpg,1080,1080,253246,138.86680097736624,355.35430908203125,1
GVLiD\healthy\healthy867.jpg,1080,1080,205980,79.7224008084705,469.88421630859375,1
GVLiD\healthy\healthy868.jpg,1080,1080,232125,114.21433799468447,475.2020263671875,1
GVLiD\healthy\healthy869.jpg,1080,1080,256307,113.3710468115569,531.2172241210938,1
GVLiD\healthy\healthy870.jpg,1080,1080,302836,131.92126695987656,653.2120361328125,1
GVLiD\healthy\healthy871.jpg,1080,1080,232293,117.63439936213993,413.2928161621094,1
GVLiD\healthy\healthy872.jpg,1080,1080,240330,163.1915843749999,160.15377807617188,1
GVLiD\healthy\healthy873.jpg,1080,1080,277602,108.55761999914263,687.5173950195312,1
GVLiD\healthy\healthy874.jpg,1080,1080,297128,124.24846694615911,701.69921875,1
GVLiD\healthy\healthy875.jpg,1080,1080,317164,134.72803851423177,836.053466796875,1
GVLiD\healthy\healthy876.jpg,1080,1080,227083,104.28557530949935,423.9996337890625,1
GVLiD\healthy\healthy877.jpg,1080,1080,100727,180.5557628557957,12.411195755004883,1
GVLiD\healthy\healthy878.jpg,1080,1080,296978,118.66069024091223,622.9928588867188,1
GVLiD\healthy\healthy879.jpg,1080,1080,253680,106.1331498894032,576.3091430664062,1
GVLiD\healthy\healthy880.jpg,1080,1080,213832,98.83250670438959,483.5863342285156,1
GVLiD\healthy\healthy881.jpg,1080,1080,127488,141.26565186728396,37.66802215576172,1
GVLiD\healthy\healthy882.jpg,1080,1080,312539,125.75058207904665,785.568359375,1
GVLiD\healthy\healthy883.jpg,1080,1080,121117,138.88855127829225,36.48403549194336,1
GVLiD\healthy\healthy884.jpg,1080,1080,235646,131.10479867283954,299.8123474121094,1
GVLiD\healthy\healthy885.jpg,1080,1080,262038,116.79629186899862,478.9122009277344,1
GVLiD\healthy\healthy886.jpg,1080,1080,268122,117.67365428755139,462.1495666503906,1
GVLiD\healthy\healthy887.jpg,1080,1080,251548,121.9854036368313,543.9256591796875,1
GVLiD\healthy\healthy888.jpg,1080,1080,219393,100.40744523834022,398.1385803222656,1
GVLiD\healthy\healthy889.jpg,1080,1080,221396,121.0404921253429,229.8153839111328,1
GVLiD\healthy\healthy890.jpg,1080,1080,290409,114.83684355281206,660.2219848632812,1
GVLiD\healthy\healthy891.jpg,1080,1080,253585,88.24086078189296,599.260498046875,1
GVLiD\healthy\healthy892.jpg,1080,1080,332541,106.08191678583678,912.851806640625,1
GVLiD\healthy\healthy893.jpg,1080,1080,136815,105.02017437757202,41.328147888183594,1
GVLiD\healthy\healthy894.jpg,1080,1080,223711,129.54394147205082,319.5813293457031,1
GVLiD\healthy\healthy895.jpg,1080,1080,348280,124.4379241435185,1020.7508544921875,1
GVLiD\healthy\healthy896.jpg,1080,1080,287209,113.06948621913577,729.7059936523438,1
GVLiD\healthy\healthy897.jpg,1080,1080,277155,105.1997049451303,663.6683959960938,1
GVLiD\healthy\healthy898.jpg,1080,1080,160041,134.8899165140603,134.76272583007812,1
GVLiD\healthy\healthy899.jpg,1080,1080,266951,98.53304760888203,583.241943359375,1
GVLiD\healthy\healthy900.jpg,1080,1080,226985,111.6211949348423,399.1413879394531,1
GVLiD\healthy\healthy901.jpg,1080,1080,269108,108.57895420696164,698.8030395507812,1
GVLiD\healthy\healthy902.jpg,1080,1080,291160,105.36510798782578,909.6644287109375,1
GVLiD\healthy\healthy903.jpg,1080,1080,251981,84.74293418638545,543.4986572265625,1
GVLiD\healthy\healthy904.jpg,1080,1080,168343,100.16739457304523,131.7563018798828,1
GVLiD\healthy\healthy905.jpg,1080,1080,259221,91.02355898148146,692.1203002929688,1
GVLiD\healthy\healthy906.jpg,1080,1080,313024,113.22501894290126,796.7965087890625,1
GVLiD\healthy\healthy907.jpg,1080,1080,303147,120.98336791152258,640.26416015625,1
GVLiD\healthy\healthy908.jpg,1080,1080,160432,161.92267869855968,73.35773468017578,1
GVLiD\healthy\healthy909.jpg,1080,1080,363033,110.77982184156372,1006.7085571289062,1
GVLiD\healthy\healthy910.jpg,1080,1080,197076,121.56541236882715,223.19126892089844,1
GVLiD\healthy\healthy911.jpg,1080,1080,298022,130.217493648834,570.0115356445312,1
GVLiD\healthy\healthy912.jpg,1080,1080,178105,72.99073213991768,214.16494750976562,1
GVLiD\healthy\healthy913.jpg,1080,1080,168233,124.64677414866254,174.97125244140625,1
GVLiD\healthy\healthy914.jpg,1080,1080,315572,133.20285313957476,709.2198486328125,1
GVLiD\healthy\healthy915.jpg,1080,1080,256319,126.6296011454047,585.919921875,1
GVLiD\healthy\healthy916.jpg,1080,1080,202536,162.29850663237303,168.21141052246094,1
GVLiD\healthy\healthy917.jpg,1080,1080,262432,131.666156191701,549.729736328125,1
GVLiD\healthy\healthy918.jpg,1080,1080,214801,88.20221705418385,374.047119140625,1
GVLiD\healthy\healthy919.jpg,1080,1080,357745,110.28195038837453,930.1153564453125,1
GVLiD\healthy\healthy920.jpg,1080,1080,258287,103.89759562842936,569.8829345703125,1
GVLiD\healthy\healthy921.jpg,1080,1080,299470,133.85507559242117,522.9949951171875,1
GVLiD\healthy\healthy922.jpg,1080,1080,288525,113.11036617198215,741.541748046875,1
GVLiD\healthy\healthy923.jpg,1080,1080,233676,117.72078323902603,474.003173828125,1
GVLiD\healthy\healthy924.jpg,1080,1080,292348,113.83872082390269,716.4542846679688,1
GVLiD\healthy\healthy925.jpg,1080,1080,200003,150.9290451997599,136.394287109375,1
GVLiD\healthy\healthy926.jpg,1080,1080,257396,132.895334853395,368.10345458984375,1
GVLiD\healthy\healthy927.jpg,1080,1080,271272,125.68754145233198,557.12353515625,1
GVLiD\healthy\healthy928.jpg,1080,1080,293687,112.75335261917004,668.0205688476562,1
GVLiD\healthy\healthy929.jpg,1080,1080,252025,84.31858336419751,610.3077392578125,1
GVLiD\healthy\healthy930.jpg,1080,1080,136547,146.11495391889562,40.414512634277344,1
GVLiD\healthy\healthy931.jpg,1080,1080,293466,126.03086338048703,681.0372924804688,1
GVLiD\healthy\healthy932.jpg,1080,1080,344619,103.37751300240055,940.0283203125,1
GVLiD\healthy\healthy933.jpg,1080,1080,256993,93.48345980967076,608.141845703125,1
GVLiD\healthy\healthy934.jpg,1080,1080,317782,105.90176389746223,1027.3026123046875,1
GVLiD\healthy\healthy935.jpg,1080,1080,203627,108.10190052640608,265.5991516113281,1
GVLiD\healthy\healthy936.jpg,1080,1080,288569,120.51758959790811,685.8373413085938,1
GVLiD\healthy\healthy937.jpg,1080,1080,243463,112.8729694770233,542.089111328125,1
GVLiD\healthy\healthy938.jpg,1080,1080,280626,117.94175996827848,694.607421875,1
GVLiD\healthy\healthy939.jpg,1080,1080,190266,126.7953203215021,184.6459197998047,1
GVLiD\healthy\healthy940.jpg,1080,1080,236515,99.06710424897113,346.5351867675781,1
GVLiD\healthy\healthy941.jpg,1080,1080,308802,102.7876808256173,656.330322265625,1
GVLiD\healthy\healthy942.jpg,1080,1080,259114,83.43081772719476,763.1915283203125,1
GVLiD\healthy\healthy943.jpg,1080,1080,226678,112.01965348422497,394.7485656738281,1
GVLiD\healthy\healthy944.jpg,1080,1080,266098,118.13527109310698,580.0499877929688,1
GVLiD\healthy\healthy945.jpg,1080,1080,297788,124.71675368055558,688.8963623046875,1
GVLiD\healthy\healthy946.jpg,1080,1080,192624,82.65362113168725,417.9555969238281,1
GVLiD\healthy\healthy947.jpg,1080,1080,266063,126.62021606824413,596.1356201171875,1
GVLiD\healthy\healthy948.jpg,1080,1080,268779,109.49361502914951,464.6210021972656,1
GVLiD\healthy\healthy949.jpg,1080,1080,252080,102.33329799468453,548.3832397460938,1
GVLiD\healthy\healthy950.jpg,1080,1080,290685,119.53919124571325,507.3490905761719,1
GVLiD\healthy\healthy951.jpg,1080,1080,247632,83.34435260030864,612.592041015625,1
GVLiD\healthy\healthy952.jpg,1080,1080,251428,100.65182568158437,402.3218994140625,1
GVLiD\healthy\healthy953.jpg,1080,1080,313792,137.4240401500343,721.3883666992188,1
GVLiD\healthy\healthy954.jpg,1080,1080,278742,109.52506705332647,563.3978881835938,1
GVLiD\healthy\healthy955.jpg,1080,1080,300523,128.12640250857342,571.5853271484375,1
GVLiD\healthy\healthy956.jpg,1080,1080,237704,164.8014510005144,271.5717468261719,1
GVLiD\healthy\healthy957.jpg,1080,1080,228131,140.70607475137172,350.208740234375,1
GVLiD\healthy\healthy958.jpg,1080,1080,251333,105.9142194924554,526.3560791015625,1
GVLiD\healthy\healthy959.jpg,1080,1080,297973,118.16201080932781,684.1644897460938,1
GVLiD\healthy\healthy960.jpg,1080,1080,211189,74.01473705847049,383.87969970703125,1
GVLiD\healthy\healthy961.jpg,1080,1080,220509,125.97200613511652,341.4477233886719,1
GVLiD\healthy\healthy962.jpg,1080,1080,275234,104.15504932270233,796.8235473632812,1
GVLiD\healthy\healthy963.jpg,1080,1080,236839,112.76674442986966,616.4776611328125,1
GVLiD\healthy\healthy964.jpg,1080,1080,235049,99.3864039660494,432.81982421875,1
GVLiD\healthy\healthy965.jpg,1080,1080,216875,106.92416647376541,312.7909240722656,1
GVLiD\healthy\healthy966.jpg,1080,1080,276275,124.20196480881341,463.48779296875,1
GVLiD\healthy\healthy967.jpg,1080,1080,212420,84.55783530435534,290.40899658203125,1
GVLiD\healthy\healthy968.jpg,1080,1080,228244,107.82851772462278,425.07745361328125,1
GVLiD\healthy\healthy969.jpg,1080,1080,285209,95.29303443072699,663.3455200195312,1
GVLiD\healthy\healthy970.jpg,1080,1080,232718,82.17869260631004,402.3602600097656,1
GVLiD\healthy\healthy971.jpg,1080,1080,246951,108.38564392232513,549.8171997070312,1
GVLiD\healthy\healthy972.jpg,1080,1080,244928,119.7655603858025,243.6134490966797,1
GVLiD\healthy\healthy973.jpg,1080,1080,228026,84.73318468278464,660.52099609375,1
GVLiD\healthy\healthy974.jpg,1080,1080,285288,116.91514631858709,637.346435546875,1
GVLiD\healthy\healthy975.jpg,1080,1080,221136,116.6134939248971,234.0291290283203,1
GVLiD\healthy\healthy976.jpg,1080,1080,179702,130.62875891889573,112.42184448242188,1
GVLiD\healthy\healthy977.jpg,1080,1080,226869,116.53631649434155,366.93115234375,1
GVLiD\healthy\healthy978.jpg,1080,1080,315613,119.77301399948561,819.1234130859375,1
GVLiD\healthy\healthy979.jpg,1080,1080,271424,111.15758967764063,614.6306762695312,1
GVLiD\healthy\healthy980.jpg,1080,1080,271801,118.949506305727,590.488525390625,1
GVLiD\healthy\healthy981.jpg,1080,1080,229450,93.89207723165292,468.54534912109375,1
GVLiD\healthy\healthy982.jpg,1080,1080,255225,124.80618667781202,485.0236511230469,1
GVLiD\healthy\healthy983.jpg,1080,1080,283957,136.96570890517825,632.1176147460938,1
GVLiD\healthy\healthy984.jpg,1080,1080,288257,104.7016061616941,699.5057983398438,1
GVLiD\healthy\healthy985.jpg,1080,1080,254805,119.31855154749658,489.7367248535156,1
GVLiD\healthy\healthy986.jpg,1080,1080,307720,104.6121557201646,816.715087890625,1
GVLiD\healthy\healthy987.jpg,1080,1080,304337,115.50375992283948,553.90771484375,1
GVLiD\healthy\healthy988.jpg,1080,1080,303847,130.0989635579561,759.3908081054688,1
GVLiD\healthy\healthy989.jpg,1080,1080,233452,102.90710614797665,360.4432067871094,1
GVLiD\healthy\healthy990.jpg,1080,1080,125380,68.44746416495198,43.23284912109375,1
GVLiD\healthy\healthy991.jpg,1080,1080,293873,118.74329662379967,675.7922973632812,1
GVLiD\healthy\healthy992.jpg,1080,1080,118347,116.37983944101512,24.839902877807617,1
GVLiD\healthy\healthy993.jpg,1080,1080,239346,114.95668069530176,505.3083801269531,1
GVLiD\healthy\healthy994.jpg,1080,1080,298466,116.10763439386143,867.9506225585938,1
GVLiD\healthy\healthy995.jpg,1080,1080,197650,109.34655302469139,257.76123046875,1
GVLiD\healthy\healthy996.jpg,1080,1080,234846,127.36106314986284,409.1247863769531,1
GVLiD\healthy\healthy997.jpg,1080,1080,309489,136.24177812499997,423.3663024902344,1
GVLiD\healthy\healthy998.jpg,1080,1080,301709,111.8428214051783,526.9137573242188,1
GVLiD\healthy\healthy999.jpg,1080,1080,324960,129.5512159867969,893.4000244140625,1
GVLiD\leaf blight\leaf blight001.jpg,1080,1080,274876,117.95525680126883,288.3435363769531,1
GVLiD\leaf blight\leaf blight002.jpg,1080,1080,274876,117.95525680126883,288.3435363769531,1
GVLiD\leaf blight\leaf blight003.jpg,1080,1080,337564,119.69527854166667,335.8241271972656,1
GVLiD\leaf blight\leaf blight004.jpg,1080,1080,337564,119.69527854166667,335.8241271972656,1
GVLiD\leaf blight\leaf blight005.jpg,1080,1080,321961,113.5650524074074,275.4294128417969,1
GVLiD\leaf blight\leaf blight006.jpg,1080,1080,321961,113.5650524074074,275.4294128417969,1
GVLiD\leaf blight\leaf blight007.jpg,1080,1080,360909,121.92229042695472,542.9291381835938,1
GVLiD\leaf blight\leaf blight008.jpg,1080,1080,360909,121.92229042695472,542.9291381835938,1
GVLiD\leaf blight\leaf blight009.jpg,1080,1080,391343,145.96131310871058,566.9719848632812,1
GVLiD\leaf blight\leaf blight010.jpg,1080,1080,391343,145.96131310871058,566.9719848632812,1
GVLiD\leaf blight\leaf blight011.jpg,1080,1080,350401,140.47018736368312,509.7901916503906,1
GVLiD\leaf blight\leaf blight012.jpg,1080,1080,350401,140.47018736368312,509.7901916503906,1
GVLiD\leaf blight\leaf blight013.jpg,1080,1080,282834,119.50211528034983,348.4186706542969,1
GVLiD\leaf blight\leaf blight014.jpg,1080,1080,282834,119.50211528034983,348.4186706542969,1
GVLiD\leaf blight\leaf blight015.jpg,1080,1080,309269,155.31857915723597,460.56207275390625,1
GVLiD\leaf blight\leaf blight016.jpg,1080,1080,309269,155.31857915723597,460.56207275390625,1
GVLiD\leaf blight\leaf blight017.jpg,1080,1080,540369,147.92775107167355,2620.640869140625,1
GVLiD\leaf blight\leaf blight018.jpg,1080,1080,540369,147.92775107167355,2620.640869140625,1
GVLiD\leaf blight\leaf blight019.jpg,1080,1080,298371,124.96402814986284,352.63653564453125,1
GVLiD\leaf blight\leaf blight020.jpg,1080,1080,298371,124.96402814986284,352.63653564453125,1
GVLiD\leaf blight\leaf blight021.jpg,1080,1080,326734,123.62648762688619,330.6669921875,1
GVLiD\leaf blight\leaf blight022.jpg,1080,1080,326734,123.62648762688619,330.6669921875,1
GVLiD\leaf blight\leaf blight023.jpg,1080,1080,364731,127.60136736796987,455.9151611328125,1
GVLiD\leaf blight\leaf blight024.jpg,1080,1080,364731,127.60136736796987,455.9151611328125,1
GVLiD\leaf blight\leaf blight025.jpg,1080,1080,309658,119.6873624288409,403.5478515625,1
GVLiD\leaf blight\leaf blight026.jpg,1080,1080,309658,119.6873624288409,403.5478515625,1
GVLiD\leaf blight\leaf blight027.jpg,1080,1080,325770,112.00142694358703,392.0814208984375,1
GVLiD\leaf blight\leaf blight028.jpg,1080,1080,325770,112.00142694358703,392.0814208984375,1
GVLiD\leaf blight\leaf blight029.jpg,1080,1080,294447,123.72938509002054,380.3585205078125,1
GVLiD\leaf blight\leaf blight030.jpg,1080,1080,294447,123.72938509002054,380.3585205078125,1
GVLiD\leaf blight\leaf blight031.jpg,1080,1080,363377,129.35420561042523,564.9915771484375,1
GVLiD\leaf blight\leaf blight032.jpg,1080,1080,363377,129.35420561042523,564.9915771484375,1
GVLiD\leaf blight\leaf blight033.jpg,1080,1080,330857,162.3987775480111,472.2989196777344,1
GVLiD\leaf blight\leaf blight034.jpg,1080,1080,330857,162.3987775480111,472.2989196777344,1
GVLiD\leaf blight\leaf blight035.jpg,1080,1080,281219,141.36454714163244,364.894775390625,1
GVLiD\leaf blight\leaf blight036.jpg,1080,1080,281219,141.36454714163244,364.894775390625,1
GVLiD\leaf blight\leaf blight037.jpg,1080,1080,260582,139.89400506601504,296.09283447265625,1
GVLiD\leaf blight\leaf blight038.jpg,1080,1080,260582,139.89400506601504,296.09283447265625,1
GVLiD\leaf blight\leaf blight039.jpg,1080,1080,291592,127.34090320216052,308.5818786621094,1
GVLiD\leaf blight\leaf blight040.jpg,1080,1080,291592,127.34090320216052,308.5818786621094,1
GVLiD\leaf blight\leaf blight041.jpg,1080,1080,327663,106.18518980109742,450.2875671386719,1
GVLiD\leaf blight\leaf blight042.jpg,1080,1080,327663,106.18518980109742,450.2875671386719,1
GVLiD\leaf blight\leaf blight043.jpg,1080,1080,327296,110.06441355024006,427.1498718261719,1
GVLiD\leaf blight\leaf blight044.jpg,1080,1080,327296,110.06441355024006,427.1498718261719,1
GVLiD\leaf blight\leaf blight045.jpg,1080,1080,342378,135.16775823902606,583.096923828125,1
GVLiD\leaf blight\leaf blight046.jpg,1080,1080,342378,135.16775823902606,583.096923828125,1
GVLiD\leaf blight\leaf blight047.jpg,1080,1080,343958,135.02966306327153,576.1533813476562,1
GVLiD\leaf blight\leaf blight048.jpg,1080,1080,343958,135.02966306327153,576.1533813476562,1
GVLiD\leaf blight\leaf blight049.jpg,1080,1080,275312,130.66946238254457,263.0175476074219,1
GVLiD\leaf blight\leaf blight050.jpg,1080,1080,275312,130.66946238254457,263.0175476074219,1
GVLiD\leaf blight\leaf blight051.jpg,1080,1080,317524,117.56244276491775,415.3290710449219,1
GVLiD\leaf blight\leaf blight052.jpg,1080,1080,317524,117.56244276491775,415.3290710449219,1
GVLiD\leaf blight\leaf blight053.jpg,1080,1080,359446,134.42465063700277,494.1045227050781,1
GVLiD\leaf blight\leaf blight054.jpg,1080,1080,359446,134.42465063700277,494.1045227050781,1
GVLiD\leaf blight\leaf blight055.jpg,1080,1080,308997,135.36688528120706,351.5057067871094,1
GVLiD\leaf blight\leaf blight056.jpg,1080,1080,308997,135.36688528120706,351.5057067871094,1
GVLiD\leaf blight\leaf blight057.jpg,1080,1080,356839,143.38272752143345,521.1860961914062,1
GVLiD\leaf blight\leaf blight058.jpg,1080,1080,356839,143.38272752143345,521.1860961914062,1
GVLiD\leaf blight\leaf blight059.jpg,1080,1080,305168,148.29467177897803,519.761474609375,1
GVLiD\leaf blight\leaf blight060.jpg,1080,1080,305168,148.29467177897803,519.761474609375,1
GVLiD\leaf blight\leaf blight061.jpg,1080,1080,392782,151.24829841906714,571.4737548828125,1
GVLiD\leaf blight\leaf blight062.jpg,1080,1080,392782,151.24829841906714,571.4737548828125,1
GVLiD\leaf blight\leaf blight063.jpg,1080,1080,368337,132.05080791237995,620.1007690429688,1
GVLiD\leaf blight\leaf blight064.jpg,1080,1080,368337,132.05080791237995,620.1007690429688,1
GVLiD\leaf blight\leaf blight065.jpg,1080,1080,334928,119.74668849622775,451.493896484375,1
GVLiD\leaf blight\leaf blight066.jpg,1080,1080,334928,119.74668849622775,451.493896484375,1
GVLiD\leaf blight\leaf blight067.jpg,1080,1080,308748,129.2447669290123,352.27166748046875,1
GVLiD\leaf blight\leaf blight068.jpg,1080,1080,308748,129.2447669290123,352.27166748046875,1
GVLiD\leaf blight\leaf blight069.jpg,1080,1080,320768,126.87134139917694,306.4966125488281,1
GVLiD\leaf blight\leaf blight070.jpg,1080,1080,320768,126.87134139917694,306.4966125488281,1
GVLiD\leaf blight\leaf blight071.jpg,1080,1080,306218,143.6924498851166,363.3934631347656,1
GVLiD\leaf blight\leaf blight072.jpg,1080,1080,306218,143.6924498851166,363.3934631347656,1
GVLiD\leaf blight\leaf blight073.jpg,1080,1080,362654,129.84472673696845,479.9365234375,1
GVLiD\leaf blight\leaf blight074.jpg,1080,1080,362654,129.84472673696845,479.9365234375,1
GVLiD\leaf blight\leaf blight075.jpg,1080,1080,331891,129.67669732081617,408.2186584472656,1
GVLiD\leaf blight\leaf blight076.jpg,1080,1080,331891,129.67669732081617,408.2186584472656,1
GVLiD\leaf blight\leaf blight077.jpg,1080,1080,233828,150.4517353729423,182.68658447265625,1
GVLiD\leaf blight\leaf blight078.jpg,1080,1080,233828,150.4517353729423,182.68658447265625,1
GVLiD\leaf blight\leaf blight079.jpg,1080,1080,264340,136.0869148525377,184.2884063720703,1
GVLiD\leaf blight\leaf blight080.jpg,1080,1080,264340,136.0869148525377,184.2884063720703,1
GVLiD\leaf blight\leaf blight081.jpg,1080,1080,276517,137.69111091906717,288.1544494628906,1
GVLiD\leaf blight\leaf blight082.jpg,1080,1080,276517,137.69111091906717,288.1544494628906,1
GVLiD\leaf blight\leaf blight083.jpg,1080,1080,260770,132.18348473508235,212.2138214111328,1
GVLiD\leaf blight\leaf blight084.jpg,1080,1080,260770,132.18348473508235,212.2138214111328,1
GVLiD\leaf blight\leaf blight085.jpg,1080,1080,188495,130.06260362911524,67.34800720214844,1
GVLiD\leaf blight\leaf blight086.jpg,1080,1080,188495,130.06260362911524,67.34800720214844,1
GVLiD\leaf blight\leaf blight087.jpg,1080,1080,262164,144.10338989368995,199.16015625,1
GVLiD\leaf blight\leaf blight088.jpg,1080,1080,262164,144.10338989368995,199.16015625,1
GVLiD\leaf blight\leaf blight089.jpg,1080,1080,174774,98.63660051526062,40.0638427734375,1
GVLiD\leaf blight\leaf blight090.jpg,1080,1080,174774,98.63660051526062,40.0638427734375,1
GVLiD\leaf blight\leaf blight091.jpg,1080,1080,222363,93.27852892661177,117.47467803955078,1
GVLiD\leaf blight\leaf blight092.jpg,1080,1080,222363,93.27852892661177,117.47467803955078,1
GVLiD\leaf blight\leaf blight093.jpg,1080,1080,242990,119.82314003943758,135.40597534179688,1
GVLiD\leaf blight\leaf blight094.jpg,1080,1080,242990,119.82314003943758,135.40597534179688,1
GVLiD\leaf blight\leaf blight095.jpg,1080,1080,205950,92.74812274605618,87.28429412841797,1
GVLiD\leaf blight\leaf blight096.jpg,1080,1080,205950,92.74812274605618,87.28429412841797,1
GVLiD\leaf blight\leaf blight097.jpg,1080,1080,252509,152.49137937071333,199.8787384033203,1
GVLiD\leaf blight\leaf blight098.jpg,1080,1080,252509,152.49137937071333,199.8787384033203,1
GVLiD\leaf blight\leaf blight099.jpg,1080,1080,278672,103.58701212620026,262.5770263671875,1
GVLiD\leaf blight\leaf blight100.jpg,1080,1080,278672,103.58701212620026,262.5770263671875,1
GVLiD\leaf blight\leaf blight101.jpg,1080,1080,281585,135.2439063957476,271.7857971191406,1
GVLiD\leaf blight\leaf blight102.jpg,1080,1080,281585,135.2439063957476,271.7857971191406,1
GVLiD\leaf blight\leaf blight103.jpg,1080,1080,266602,115.759011824417,209.7026824951172,1
GVLiD\leaf blight\leaf blight104.jpg,1080,1080,266602,115.759011824417,209.7026824951172,1
GVLiD\leaf blight\leaf blight105.jpg,1080,1080,271153,137.05479960305217,203.334228515625,1
GVLiD\leaf blight\leaf blight106.jpg,1080,1080,271153,137.05479960305217,203.334228515625,1
GVLiD\leaf blight\leaf blight107.jpg,1080,1080,226831,122.06431632801782,151.4458770751953,1
GVLiD\leaf blight\leaf blight108.jpg,1080,1080,226831,122.06431632801782,151.4458770751953,1
GVLiD\leaf blight\leaf blight109.jpg,1080,1080,262386,152.37677782235943,169.4644012451172,1
GVLiD\leaf blight\leaf blight110.jpg,1080,1080,262386,152.37677782235943,169.4644012451172,1
GVLiD\leaf blight\leaf blight111.jpg,1080,1080,294296,135.20005782664612,325.26336669921875,1
GVLiD\leaf blight\leaf blight112.jpg,1080,1080,294296,135.20005782664612,325.26336669921875,1
GVLiD\leaf blight\leaf blight113.jpg,1080,1080,224457,135.92842369255825,138.7285919189453,1
GVLiD\leaf blight\leaf blight114.jpg,1080,1080,224457,135.92842369255825,138.7285919189453,1
GVLiD\leaf blight\leaf blight115.jpg,1080,1080,185821,105.48578268518514,94.86310577392578,1
GVLiD\leaf blight\leaf blight116.jpg,1080,1080,185821,105.48578268518514,94.86310577392578,1
GVLiD\leaf blight\leaf blight117.jpg,1080,1080,240013,96.01478895404667,181.69580078125,1
GVLiD\leaf blight\leaf blight118.jpg,1080,1080,240013,96.01478895404667,181.69580078125,1
GVLiD\leaf blight\leaf blight119.jpg,1080,1080,190301,125.96178857681757,78.14297485351562,1
GVLiD\leaf blight\leaf blight120.jpg,1080,1080,190301,125.96178857681757,78.14297485351562,1
GVLiD\leaf blight\leaf blight121.jpg,1080,1080,217116,95.00779320301785,114.90304565429688,1
GVLiD\leaf blight\leaf blight122.jpg,1080,1080,217116,95.00779320301785,114.90304565429688,1
GVLiD\leaf blight\leaf blight123.jpg,1080,1080,217116,95.00779320301785,114.90304565429688,1
GVLiD\leaf blight\leaf blight124.jpg,1080,1080,217116,95.00779320301785,114.90304565429688,1
GVLiD\leaf blight\leaf blight125.jpg,1080,1080,247920,112.45487619513037,183.53619384765625,1
GVLiD\leaf blight\leaf blight126.jpg,1080,1080,247920,112.45487619513037,183.53619384765625,1
GVLiD\leaf blight\leaf blight127.jpg,1080,1080,293082,115.90079961505485,238.4528045654297,1
GVLiD\leaf blight\leaf blight128.jpg,1080,1080,293082,115.90079961505485,238.4528045654297,1
GVLiD\leaf blight\leaf blight129.jpg,1080,1080,221629,140.80798379543896,159.28004455566406,1
GVLiD\leaf blight\leaf blight130.jpg,1080,1080,221629,140.80798379543896,159.28004455566406,1
GVLiD\leaf blight\leaf blight131.jpg,1080,1080,177518,111.4987064969136,50.630802154541016,1
GVLiD\leaf blight\leaf blight132.jpg,1080,1080,177518,111.4987064969136,50.630802154541016,1
GVLiD\leaf blight\leaf blight133.jpg,1080,1080,227136,143.78680663151584,124.21295166015625,1
GVLiD\leaf blight\leaf blight134.jpg,1080,1080,227136,143.78680663151584,124.21295166015625,1
GVLiD\leaf blight\leaf blight135.jpg,1080,1080,203068,117.29945771176263,74.75381469726562,1
GVLiD\leaf blight\leaf blight136.jpg,1080,1080,203068,117.29945771176263,74.75381469726562,1
GVLiD\leaf blight\leaf blight137.jpg,1080,1080,169305,65.50542803926614,49.00564956665039,1
GVLiD\leaf blight\leaf blight138.jpg,1080,1080,169305,65.50542803926614,49.00564956665039,1
GVLiD\leaf blight\leaf blight139.jpg,1080,1080,295789,116.25421229423868,235.18231201171875,1
GVLiD\leaf blight\leaf blight140.jpg,1080,1080,295789,116.25421229423868,235.18231201171875,1
GVLiD\leaf blight\leaf blight141.jpg,1080,1080,294707,128.2033443415637,347.962890625,1
GVLiD\leaf blight\leaf blight142.jpg,1080,1080,294707,128.2033443415637,347.962890625,1
GVLiD\leaf blight\leaf blight143.jpg,1080,1080,253215,87.83295157493144,269.9564514160156,1
GVLiD\leaf blight\leaf blight144.jpg,1080,1080,253215,87.83295157493144,269.9564514160156,1
GVLiD\leaf blight\leaf blight145.jpg,1080,1080,277738,128.92742281207137,332.7505798339844,1
GVLiD\leaf blight\leaf blight146.jpg,1080,1080,277738,128.92742281207137,332.7505798339844,1
GVLiD\leaf blight\leaf blight147.jpg,1080,1080,284645,136.39486262517138,283.3904113769531,1
GVLiD\leaf blight\leaf blight148.jpg,1080,1080,284645,136.39486262517138,283.3904113769531,1
GVLiD\leaf blight\leaf blight149.jpg,1080,1080,278534,89.71510775977364,331.7513732910156,1
GVLiD\leaf blight\leaf blight150.jpg,1080,1080,278534,89.71510775977364,331.7513732910156,1
GVLiD\leaf blight\leaf blight151.jpg,1080,1080,300371,118.01790128257892,369.2862548828125,1
GVLiD\leaf blight\leaf blight152.jpg,1080,1080,300371,118.01790128257892,369.2862548828125,1
GVLiD\leaf blight\leaf blight153.jpg,1080,1080,265265,150.49973513631684,265.122314453125,1
GVLiD\leaf blight\leaf blight154.jpg,1080,1080,265265,150.49973513631684,265.122314453125,1
GVLiD\leaf blight\leaf blight155.jpg,1080,1080,253191,159.95525648662553,198.44235229492188,1
GVLiD\leaf blight\leaf blight156.jpg,1080,1080,253191,159.95525648662553,198.44235229492188,1
GVLiD\leaf blight\leaf blight157.jpg,1080,1080,268813,138.32479795696162,295.8244323730469,1
GVLiD\leaf blight\leaf blight158.jpg,1080,1080,268813,138.32479795696162,295.8244323730469,1
GVLiD\leaf blight\leaf blight159.jpg,1080,1080,277096,141.52187063957473,355.9670715332031,1
GVLiD\leaf blight\leaf blight160.jpg,1080,1080,277096,141.52187063957473,355.9670715332031,1
GVLiD\leaf blight\leaf blight161.jpg,1080,1080,269234,148.58258532836075,247.8363494873047,1
GVLiD\leaf blight\leaf blight162.jpg,1080,1080,269234,148.58258532836075,247.8363494873047,1
GVLiD\leaf blight\leaf blight163.jpg,1080,1080,287403,147.60610194444453,346.55413818359375,1
GVLiD\leaf blight\leaf blight164.jpg,1080,1080,287403,147.60610194444453,346.55413818359375,1
GVLiD\leaf blight\leaf blight165.jpg,1080,1080,233273,143.93956828703705,184.31533813476562,1
GVLiD\leaf blight\leaf blight166.jpg,1080,1080,233273,143.93956828703705,184.31533813476562,1
GVLiD\leaf blight\leaf blight167.jpg,1080,1080,271381,146.75834934927983,288.4737243652344,1
GVLiD\leaf blight\leaf blight168.jpg,1080,1080,271381,146.75834934927983,288.4737243652344,1
GVLiD\leaf blight\leaf blight169.jpg,1080,1080,232112,135.72274983024695,159.6549530029297,1
GVLiD\leaf blight\leaf blight170.jpg,1080,1080,232112,135.72274983024695,159.6549530029297,1
GVLiD\leaf blight\leaf blight171.jpg,1080,1080,275259,122.49870663665979,276.7160339355469,1
GVLiD\leaf blight\leaf blight172.jpg,1080,1080,275259,122.49870663665979,276.7160339355469,1
GVLiD\leaf blight\leaf blight173.jpg,1080,1080,213515,166.2667371673526,155.8251495361328,1
GVLiD\leaf blight\leaf blight174.jpg,1080,1080,213515,166.2667371673526,155.8251495361328,1
GVLiD\leaf blight\leaf blight175.jpg,1080,1080,347952,160.8099330735596,467.4048767089844,1
GVLiD\leaf blight\leaf blight176.jpg,1080,1080,347952,160.8099330735596,467.4048767089844,1
GVLiD\leaf blight\leaf blight177.jpg,1080,1080,262844,122.46212751714678,259.6813659667969,1
GVLiD\leaf blight\leaf blight178.jpg,1080,1080,262844,122.46212751714678,259.6813659667969,1
GVLiD\leaf blight\leaf blight179.jpg,1080,1080,292894,117.86636773319613,261.8031921386719,1
GVLiD\leaf blight\leaf blight180.jpg,1080,1080,292894,117.86636773319613,261.8031921386719,1
GVLiD\leaf blight\leaf blight181.jpg,1080,1080,291258,141.05941190243482,357.3599853515625,1
GVLiD\leaf blight\leaf blight182.jpg,1080,1080,291258,141.05941190243482,357.3599853515625,1
GVLiD\leaf blight\leaf blight183.jpg,1080,1080,220681,161.39402929869695,134.25808715820312,1
GVLiD\leaf blight\leaf blight184.jpg,1080,1080,220681,161.39402929869695,134.25808715820312,1
GVLiD\leaf blight\leaf blight185.jpg,1080,1080,189472,124.51628210305212,66.26480865478516,1
GVLiD\leaf blight\leaf blight186.jpg,1080,1080,189472,124.51628210305212,66.26480865478516,1
GVLiD\leaf blight\leaf blight187.jpg,1080,1080,240296,145.85056349879977,249.5860595703125,1
GVLiD\leaf blight\leaf blight188.jpg,1080,1080,240296,145.85056349879977,249.5860595703125,1
GVLiD\leaf blight\leaf blight189.jpg,1080,1080,263629,129.93463769118657,270.835205078125,1
GVLiD\leaf blight\leaf blight190.jpg,1080,1080,263629,129.93463769118657,270.835205078125,1
GVLiD\leaf blight\leaf blight191.jpg,1080,1080,270237,110.55634179783955,245.43067932128906,1
GVLiD\leaf blight\leaf blight192.jpg,1080,1080,270237,110.55634179783955,245.43067932128906,1
GVLiD\leaf blight\leaf blight193.jpg,1080,1080,257028,157.33586476423184,251.88192749023438,1
GVLiD\leaf blight\leaf blight194.jpg,1080,1080,257028,157.33586476423184,251.88192749023438,1
GVLiD\leaf blight\leaf blight195.jpg,1080,1080,277991,130.87111780949925,296.14849853515625,1
GVLiD\leaf blight\leaf blight196.jpg,1080,1080,277991,130.87111780949925,296.14849853515625,1
GVLiD\leaf blight\leaf blight197.jpg,1080,1080,214395,129.86947992712615,155.09703063964844,1
GVLiD\leaf blight\leaf blight198.jpg,1080,1080,214395,129.86947992712615,155.09703063964844,1
GVLiD\leaf blight\leaf blight199.jpg,1080,1080,277738,151.71028377314806,298.63970947265625,1
GVLiD\leaf blight\leaf blight200.jpg,1080,1080,277738,151.71028377314806,298.63970947265625,1
GVLiD\leaf blight\leaf blight201.jpg,1080,1080,265891,145.2072487105623,280.53472900390625,1
GVLiD\leaf blight\leaf blight202.jpg,1080,1080,265891,145.2072487105623,280.53472900390625,1
GVLiD\leaf blight\leaf blight203.jpg,1080,1080,225893,147.61457858453358,195.95606994628906,1
GVLiD\leaf blight\leaf blight204.jpg,1080,1080,225893,147.61457858453358,195.95606994628906,1
GVLiD\leaf blight\leaf blight205.jpg,1080,1080,310977,129.2661040629287,330.5457763671875,1
GVLiD\leaf blight\leaf blight206.jpg,1080,1080,310977,129.2661040629287,330.5457763671875,1
GVLiD\leaf blight\leaf blight207.jpg,1080,1080,255766,138.67915790980788,202.29991149902344,1
GVLiD\leaf blight\leaf blight208.jpg,1080,1080,255766,138.67915790980788,202.29991149902344,1
GVLiD\leaf blight\leaf blight209.jpg,1080,1080,272020,109.70075829818244,294.5339660644531,1
GVLiD\leaf blight\leaf blight210.jpg,1080,1080,272020,109.70075829818244,294.5339660644531,1
GVLiD\leaf blight\leaf blight211.jpg,1080,1080,234611,150.8892212037037,198.36277770996094,1
GVLiD\leaf blight\leaf blight212.jpg,1080,1080,234611,150.8892212037037,198.36277770996094,1
GVLiD\leaf blight\leaf blight213.jpg,1080,1080,234711,131.84598375685871,209.13327026367188,1
GVLiD\leaf blight\leaf blight214.jpg,1080,1080,234711,131.84598375685871,209.13327026367188,1
GVLiD\leaf blight\leaf blight215.jpg,1080,1080,278222,102.42923255572703,262.7955322265625,1
GVLiD\leaf blight\leaf blight216.jpg,1080,1080,278222,102.42923255572703,262.7955322265625,1
GVLiD\leaf blight\leaf blight217.jpg,1080,1080,276969,127.19611799039785,311.9781188964844,1
GVLiD\leaf blight\leaf blight218.jpg,1080,1080,276969,127.19611799039785,311.9781188964844,1
GVLiD\leaf blight\leaf blight219.jpg,1080,1080,239390,135.07709987397112,216.8719940185547,1
GVLiD\leaf blight\leaf blight220.jpg,1080,1080,239390,135.07709987397112,216.8719940185547,1
GVLiD\leaf blight\leaf blight221.jpg,1080,1080,265717,144.75098392746915,281.0693054199219,1
GVLiD\leaf blight\leaf blight222.jpg,1080,1080,265717,144.75098392746915,281.0693054199219,1
GVLiD\leaf blight\leaf blight223.jpg,1080,1080,325759,135.76565181069967,522.72021484375,1
GVLiD\leaf blight\leaf blight224.jpg,1080,1080,325759,135.76565181069967,522.72021484375,1
GVLiD\leaf blight\leaf blight225.jpg,1080,1080,259456,119.70976295524689,234.40296936035156,1
GVLiD\leaf blight\leaf blight226.jpg,1080,1080,259456,119.70976295524689,234.40296936035156,1
GVLiD\leaf blight\leaf blight227.jpg,1080,1080,263558,130.9542191872428,257.9492492675781,1
GVLiD\leaf blight\leaf blight228.jpg,1080,1080,263558,130.9542191872428,257.9492492675781,1
GVLiD\leaf blight\leaf blight229.jpg,1080,1080,239720,123.4545238494513,202.1868133544922,1
GVLiD\leaf blight\leaf blight230.jpg,1080,1080,239720,123.4545238494513,202.1868133544922,1
GVLiD\leaf blight\leaf blight231.jpg,1080,1080,260037,100.90316429183814,227.7068328857422,1
GVLiD\leaf blight\leaf blight232.jpg,1080,1080,260037,100.90316429183814,227.7068328857422,1
GVLiD\leaf blight\leaf blight233.jpg,1080,1080,286334,108.94173862482855,290.0209655761719,1
GVLiD\leaf blight\leaf blight234.jpg,1080,1080,286334,108.94173862482855,290.0209655761719,1
GVLiD\leaf blight\leaf blight235.jpg,1080,1080,271859,102.70971897033601,238.23374938964844,1
GVLiD\leaf blight\leaf blight236.jpg,1080,1080,271859,102.70971897033601,238.23374938964844,1
GVLiD\leaf blight\leaf blight237.jpg,1080,1080,256935,121.48164740312076,251.7507781982422,1
GVLiD\leaf blight\leaf blight238.jpg,1080,1080,256935,121.48164740312076,251.7507781982422,1
GVLiD\leaf blight\leaf blight239.jpg,1080,1080,208812,138.93893988082988,156.3284454345703,1
GVLiD\leaf blight\leaf blight240.jpg,1080,1080,208812,138.93893988082988,156.3284454345703,1
GVLiD\leaf blight\leaf blight241.jpg,1080,1080,264348,127.45183738340188,224.5450897216797,1
GVLiD\leaf blight\leaf blight242.jpg,1080,1080,264348,127.45183738340188,224.5450897216797,1
GVLiD\leaf blight\leaf blight243.jpg,1080,1080,320975,128.95984869513035,379.1169738769531,1
GVLiD\leaf blight\leaf blight244.jpg,1080,1080,320975,128.95984869513035,379.1169738769531,1
GVLiD\leaf blight\leaf blight245.jpg,1080,1080,248840,131.67870515089166,181.4875946044922,1
GVLiD\leaf blight\leaf blight246.jpg,1080,1080,248840,131.67870515089166,181.4875946044922,1
GVLiD\leaf blight\leaf blight247.jpg,1080,1080,243014,163.4821627409122,178.42979431152344,1
GVLiD\leaf blight\leaf blight248.jpg,1080,1080,243014,163.4821627409122,178.42979431152344,1
GVLiD\leaf blight\leaf blight249.jpg,1080,1080,234846,116.41727459533618,240.44021606445312,1
GVLiD\leaf blight\leaf blight250.jpg,1080,1080,234846,116.41727459533618,240.44021606445312,1
GVLiD\leaf blight\leaf blight251.jpg,1080,1080,241325,126.79338722993828,149.56309509277344,1
GVLiD\leaf blight\leaf blight252.jpg,1080,1080,241325,126.79338722993828,149.56309509277344,1
GVLiD\leaf blight\leaf blight253.jpg,1080,1080,270335,106.54974735510974,184.02476501464844,1
GVLiD\leaf blight\leaf blight254.jpg,1080,1080,270335,106.54974735510974,184.02476501464844,1
GVLiD\leaf blight\leaf blight255.jpg,1080,1080,278666,122.69500247085051,279.9485778808594,1
GVLiD\leaf blight\leaf blight256.jpg,1080,1080,278666,122.69500247085051,279.9485778808594,1
GVLiD\leaf blight\leaf blight257.jpg,1080,1080,281898,118.69849531207132,316.78314208984375,1
GVLiD\leaf blight\leaf blight258.jpg,1080,1080,281898,118.69849531207132,316.78314208984375,1
GVLiD\leaf blight\leaf blight259.jpg,1080,1080,247927,139.01105747085046,194.6894989013672,1
GVLiD\leaf blight\leaf blight260.jpg,1080,1080,247927,139.01105747085046,194.6894989013672,1
GVLiD\leaf blight\leaf blight261.jpg,1080,1080,301966,159.61211634430725,337.3914794921875,1
GVLiD\leaf blight\leaf blight262.jpg,1080,1080,301966,159.61211634430725,337.3914794921875,1
GVLiD\leaf blight\leaf blight263.jpg,1080,1080,289335,118.46115938271609,340.5740966796875,1
GVLiD\leaf blight\leaf blight264.jpg,1080,1080,289335,118.46115938271609,340.5740966796875,1
GVLiD\leaf blight\leaf blight265.jpg,1080,1080,238618,137.28745985082313,186.99862670898438,1
GVLiD\leaf blight\leaf blight266.jpg,1080,1080,238618,137.28745985082313,186.99862670898438,1
GVLiD\leaf blight\leaf blight267.jpg,1080,1080,278282,132.4851807278807,269.5927429199219,1
GVLiD\leaf blight\leaf blight268.jpg,1080,1080,278282,132.4851807278807,269.5927429199219,1
GVLiD\leaf blight\leaf blight269.jpg,1080,1080,288312,134.1881812062757,316.6321105957031,1
GVLiD\leaf blight\leaf blight270.jpg,1080,1080,288312,134.1881812062757,316.6321105957031,1
GVLiD\leaf blight\leaf blight271.jpg,1080,1080,263282,148.81142331790124,296.876220703125,1
GVLiD\leaf blight\leaf blight272.jpg,1080,1080,263282,148.81142331790124,296.876220703125,1
GVLiD\leaf blight\leaf blight273.jpg,1080,1080,323190,116.49430987654318,374.1648254394531,1
GVLiD\leaf blight\leaf blight274.jpg,1080,1080,323190,116.49430987654318,374.1648254394531,1
GVLiD\leaf blight\leaf blight275.jpg,1080,1080,244701,113.73359435956792,227.44046020507812,1
GVLiD\leaf blight\leaf blight276.jpg,1080,1080,244701,113.73359435956792,227.44046020507812,1
GVLiD\leaf blight\leaf blight277.jpg,1080,1080,264326,123.86821644975988,276.7669982910156,1
GVLiD\leaf blight\leaf blight278.jpg,1080,1080,264326,123.86821644975988,276.7669982910156,1
GVLiD\leaf blight\leaf blight279.jpg,1080,1080,276202,140.0315822076475,303.2142028808594,1
GVLiD\leaf blight\leaf blight280.jpg,1080,1080,276202,140.0315822076475,303.2142028808594,1
GVLiD\leaf blight\leaf blight281.jpg,1080,1080,326422,145.7036065089163,605.2039794921875,1
GVLiD\leaf blight\leaf blight282.jpg,1080,1080,326422,145.7036065089163,605.2039794921875,1
GVLiD\leaf blight\leaf blight283.jpg,1080,1080,283331,117.16259099108368,273.04736328125,1
GVLiD\leaf blight\leaf blight284.jpg,1080,1080,283331,117.16259099108368,273.04736328125,1
GVLiD\leaf blight\leaf blight285.jpg,1080,1080,247617,102.89825636659808,221.7164306640625,1
GVLiD\leaf blight\leaf blight286.jpg,1080,1080,247617,102.89825636659808,221.7164306640625,1
GVLiD\leaf blight\leaf blight287.jpg,1080,1080,275052,112.69776518518516,240.71017456054688,1
GVLiD\leaf blight\leaf blight288.jpg,1080,1080,275052,112.69776518518516,240.71017456054688,1
GVLiD\leaf blight\leaf blight289.jpg,1080,1080,291091,149.95535230024015,349.03594970703125,1
GVLiD\leaf blight\leaf blight290.jpg,1080,1080,291091,149.95535230024015,349.03594970703125,1
GVLiD\leaf blight\leaf blight291.jpg,1080,1080,233272,161.2024718561385,169.22715759277344,1
GVLiD\leaf blight\leaf blight292.jpg,1080,1080,233272,161.2024718561385,169.22715759277344,1
GVLiD\leaf blight\leaf blight293.jpg,1080,1080,309703,134.5457006189987,365.741455078125,1
GVLiD\leaf blight\leaf blight294.jpg,1080,1080,309703,134.5457006189987,365.741455078125,1
GVLiD\leaf blight\leaf blight295.jpg,1080,1080,273577,162.30902378858022,266.1184997558594,1
GVLiD\leaf blight\leaf blight296.jpg,1080,1080,273577,162.30902378858022,266.1184997558594,1
GVLiD\leaf blight\leaf blight297.jpg,1080,1080,281048,155.13187014660494,369.71722412109375,1
GVLiD\leaf blight\leaf blight298.jpg,1080,1080,281048,155.13187014660494,369.71722412109375,1
GVLiD\leaf blight\leaf blight299.jpg,1080,1080,248189,127.5393994898834,194.3693389892578,1
GVLiD\leaf blight\leaf blight300.jpg,1080,1080,248189,127.5393994898834,194.3693389892578,1
GVLiD\leaf blight\leaf blight301.jpg,1080,1080,288443,145.76465580847037,310.9526062011719,1
GVLiD\leaf blight\leaf blight302.jpg,1080,1080,288443,145.76465580847037,310.9526062011719,1
GVLiD\leaf blight\leaf blight303.jpg,1080,1080,285536,150.0595503403635,256.3764953613281,1
GVLiD\leaf blight\leaf blight304.jpg,1080,1080,285536,150.0595503403635,256.3764953613281,1
GVLiD\leaf blight\leaf blight305.jpg,1080,1080,263760,99.62246715706452,226.9486846923828,1
GVLiD\leaf blight\leaf blight306.jpg,1080,1080,263760,99.62246715706452,226.9486846923828,1
GVLiD\leaf blight\leaf blight307.jpg,1080,1080,328147,126.62391618484223,415.1195983886719,1
GVLiD\leaf blight\leaf blight308.jpg,1080,1080,328147,126.62391618484223,415.1195983886719,1
GVLiD\leaf blight\leaf blight309.jpg,1080,1080,146774,122.9053702932098,73.22728729248047,1
GVLiD\leaf blight\leaf blight310.jpg,1080,1080,146774,122.9053702932098,73.22728729248047,1
GVLiD\leaf blight\leaf blight311.jpg,1080,1080,269932,115.10827486968445,618.58544921875,1
GVLiD\leaf blight\leaf blight312.jpg,1080,1080,269932,115.10827486968445,618.58544921875,1
GVLiD\leaf blight\leaf blight313.jpg,1080,1080,286751,139.51754794324415,555.0247192382812,1
GVLiD\leaf blight\leaf blight314.jpg,1080,1080,286751,139.51754794324415,555.0247192382812,1
GVLiD\leaf blight\leaf blight315.jpg,1080,1080,268287,138.59681163494508,472.0079650878906,1
GVLiD\leaf blight\leaf blight316.jpg,1080,1080,268287,138.59681163494508,472.0079650878906,1
GVLiD\leaf blight\leaf blight317.jpg,1080,1080,324156,141.68199743741425,666.89599609375,1
GVLiD\leaf blight\leaf blight318.jpg,1080,1080,324156,141.68199743741425,666.89599609375,1
GVLiD\leaf blight\leaf blight319.jpg,1080,1080,241365,125.15410439214678,478.1327819824219,1
GVLiD\leaf blight\leaf blight320.jpg,1080,1080,241365,125.15410439214678,478.1327819824219,1
GVLiD\leaf blight\leaf blight321.jpg,1080,1080,276133,110.2331920644719,422.56884765625,1
GVLiD\leaf blight\leaf blight322.jpg,1080,1080,276133,110.2331920644719,422.56884765625,1
GVLiD\leaf blight\leaf blight323.jpg,1080,1080,208713,114.91233270318932,169.8987579345703,1
GVLiD\leaf blight\leaf blight324.jpg,1080,1080,208713,114.91233270318932,169.8987579345703,1
GVLiD\leaf blight\leaf blight325.jpg,1080,1080,247791,113.53919923010973,459.1264343261719,1
GVLiD\leaf blight\leaf blight326.jpg,1080,1080,247791,113.53919923010973,459.1264343261719,1
GVLiD\leaf blight\leaf blight327.jpg,1080,1080,262876,139.85277623713986,455.1200256347656,1
GVLiD\leaf blight\leaf blight328.jpg,1080,1080,262876,139.85277623713986,455.1200256347656,1
GVLiD\leaf blight\leaf blight329.jpg,1080,1080,293075,127.77808525548693,537.0042114257812,1
GVLiD\leaf blight\leaf blight330.jpg,1080,1080,293075,127.77808525548693,537.0042114257812,1
GVLiD\leaf blight\leaf blight331.jpg,1080,1080,293075,127.77808525548693,537.0042114257812,1
GVLiD\leaf blight\leaf blight332.jpg,1080,1080,293075,127.77808525548693,537.0042114257812,1
GVLiD\leaf blight\leaf blight333.jpg,1080,1080,262574,99.37864506858713,626.7759399414062,1
GVLiD\leaf blight\leaf blight334.jpg,1080,1080,262574,99.37864506858713,626.7759399414062,1
GVLiD\leaf blight\leaf blight335.jpg,1080,1080,283682,107.05202137174213,430.16943359375,1
GVLiD\leaf blight\leaf blight336.jpg,1080,1080,283682,107.05202137174213,430.16943359375,1
GVLiD\leaf blight\leaf blight337.jpg,1080,1080,289117,104.94412323645403,739.4669799804688,1
GVLiD\leaf blight\leaf blight338.jpg,1080,1080,289117,104.94412323645403,739.4669799804688,1
GVLiD\leaf blight\leaf blight339.jpg,1080,1080,370329,132.33837745799036,991.0053100585938,1
GVLiD\leaf blight\leaf blight340.jpg,1080,1080,370329,132.33837745799036,991.0053100585938,1
GVLiD\leaf blight\leaf blight341.jpg,1080,1080,220997,101.17612706704386,330.5821533203125,1
GVLiD\leaf blight\leaf blight342.jpg,1080,1080,220997,101.17612706704386,330.5821533203125,1
GVLiD\leaf blight\leaf blight343.jpg,1080,1080,258769,109.56789449331276,395.80023193359375,1
GVLiD\leaf blight\leaf blight344.jpg,1080,1080,258769,109.56789449331276,395.80023193359375,1
GVLiD\leaf blight\leaf blight345.jpg,1080,1080,288281,102.04327353737996,605.9913940429688,1
GVLiD\leaf blight\leaf blight346.jpg,1080,1080,288281,102.04327353737996,605.9913940429688,1
GVLiD\leaf blight\leaf blight347.jpg,1080,1080,348592,123.24792276748968,1097.7158203125,1
GVLiD\leaf blight\leaf blight348.jpg,1080,1080,348592,123.24792276748968,1097.7158203125,1
GVLiD\leaf blight\leaf blight349.jpg,1080,1080,348956,130.6879950008573,919.7449951171875,1
GVLiD\leaf blight\leaf blight350.jpg,1080,1080,348956,130.6879950008573,919.7449951171875,1
GVLiD\leaf blight\leaf blight351.jpg,1080,1080,245491,93.44137753172149,337.43072509765625,1
GVLiD\leaf blight\leaf blight352.jpg,1080,1080,245491,93.44137753172149,337.43072509765625,1
GVLiD\leaf blight\leaf blight353.jpg,1080,1080,332679,108.04599919324417,907.6856079101562,1
GVLiD\leaf blight\leaf blight354.jpg,1080,1080,332679,108.04599919324417,907.6856079101562,1
GVLiD\leaf blight\leaf blight355.jpg,1080,1080,303441,138.66012231567214,585.1298217773438,1
GVLiD\leaf blight\leaf blight356.jpg,1080,1080,303441,138.66012231567214,585.1298217773438,1
GVLiD\leaf blight\leaf blight357.jpg,1080,1080,217682,87.53850608624829,289.7646179199219,1
GVLiD\leaf blight\leaf blight358.jpg,1080,1080,217682,87.53850608624829,289.7646179199219,1
GVLiD\leaf blight\leaf blight359.jpg,1080,1080,242933,127.7103724219822,342.79827880859375,1
GVLiD\leaf blight\leaf blight360.jpg,1080,1080,242933,127.7103724219822,342.79827880859375,1
GVLiD\leaf blight\leaf blight361.jpg,1080,1080,185636,84.20350149777092,181.429443359375,1
GVLiD\leaf blight\leaf blight362.jpg,1080,1080,185636,84.20350149777092,181.429443359375,1
GVLiD\leaf blight\leaf blight363.jpg,1080,1080,269913,130.90899575445815,479.35205078125,1
GVLiD\leaf blight\leaf blight364.jpg,1080,1080,269913,130.90899575445815,479.35205078125,1
GVLiD\leaf blight\leaf blight365.jpg,1080,1080,193637,89.6742274245542,195.90269470214844,1
GVLiD\leaf blight\leaf blight366.jpg,1080,1080,193637,89.6742274245542,195.90269470214844,1
GVLiD\leaf blight\leaf blight367.jpg,1080,1080,277899,101.21007566700953,615.6558837890625,1
GVLiD\leaf blight\leaf blight368.jpg,1080,1080,277899,101.21007566700953,615.6558837890625,1
GVLiD\leaf blight\leaf blight369.jpg,1080,1080,281894,114.94818677897804,668.85107421875,1
GVLiD\leaf blight\leaf blight370.jpg,1080,1080,281894,114.94818677897804,668.85107421875,1
GVLiD\leaf blight\leaf blight371.jpg,1080,1080,240007,101.36191673353908,388.14080810546875,1
GVLiD\leaf blight\leaf blight372.jpg,1080,1080,240007,101.36191673353908,388.14080810546875,1
GVLiD\leaf blight\leaf blight373.jpg,1080,1080,257683,110.80827459019203,436.71002197265625,1
GVLiD\leaf blight\leaf blight374.jpg,1080,1080,257683,110.80827459019203,436.71002197265625,1
GVLiD\leaf blight\leaf blight375.jpg,1080,1080,242423,117.33842547325101,373.556884765625,1
GVLiD\leaf blight\leaf blight376.jpg,1080,1080,242423,117.33842547325101,373.556884765625,1
GVLiD\leaf blight\leaf blight377.jpg,1080,1080,232033,103.67390151748967,184.27981567382812,1
GVLiD\leaf blight\leaf blight378.jpg,1080,1080,232033,103.67390151748967,184.27981567382812,1
GVLiD\leaf blight\leaf blight379.jpg,1080,1080,306719,118.10078431927299,669.3566284179688,1
GVLiD\leaf blight\leaf blight380.jpg,1080,1080,306719,118.10078431927299,669.3566284179688,1
GVLiD\leaf blight\leaf blight381.jpg,1080,1080,311098,126.07595674468452,713.5341186523438,1
GVLiD\leaf blight\leaf blight382.jpg,1080,1080,311098,126.07595674468452,713.5341186523438,1
GVLiD\leaf blight\leaf blight383.jpg,1080,1080,240099,120.16934023662549,388.8401794433594,1
GVLiD\leaf blight\leaf blight384.jpg,1080,1080,240099,120.16934023662549,388.8401794433594,1
GVLiD\leaf blight\leaf blight385.jpg,1080,1080,260188,140.29998214763378,309.1622314453125,1
GVLiD\leaf blight\leaf blight386.jpg,1080,1080,260188,140.29998214763378,309.1622314453125,1
GVLiD\leaf blight\leaf blight387.jpg,1080,1080,259663,115.26321653892317,486.5776062011719,1
GVLiD\leaf blight\leaf blight388.jpg,1080,1080,259663,115.26321653892317,486.5776062011719,1
GVLiD\leaf blight\leaf blight389.jpg,1080,1080,228715,103.78006977880655,305.4867248535156,1
GVLiD\leaf blight\leaf blight390.jpg,1080,1080,228715,103.78006977880655,305.4867248535156,1
GVLiD\leaf blight\leaf blight391.jpg,1080,1080,318072,138.8614947007888,695.947021484375,1
GVLiD\leaf blight\leaf blight392.jpg,1080,1080,318072,138.8614947007888,695.947021484375,1
GVLiD\leaf blight\leaf blight393.jpg,1080,1080,327932,113.13660981052814,769.1441040039062,1
GVLiD\leaf blight\leaf blight394.jpg,1080,1080,327932,113.13660981052814,769.1441040039062,1
GVLiD\leaf blight\leaf blight395.jpg,1080,1080,244133,107.97838202331961,473.6607971191406,1
GVLiD\leaf blight\leaf blight396.jpg,1080,1080,244133,107.97838202331961,473.6607971191406,1
GVLiD\leaf blight\leaf blight397.jpg,1080,1080,181333,100.30521484739364,201.20162963867188,1
GVLiD\leaf blight\leaf blight398.jpg,1080,1080,181333,100.30521484739364,201.20162963867188,1
GVLiD\leaf blight\leaf blight399.jpg,1080,1080,275028,127.3421701834705,361.7939147949219,1
GVLiD\leaf blight\leaf blight400.jpg,1080,1080,275028,127.3421701834705,361.7939147949219,1
GVLiD\leaf blight\leaf blight401.jpg,1080,1080,230700,127.91522920181755,284.0242919921875,1
GVLiD\leaf blight\leaf blight402.jpg,1080,1080,230700,127.91522920181755,284.0242919921875,1
GVLiD\leaf blight\leaf blight403.jpg,1080,1080,232054,132.9417440826475,214.8672637939453,1
GVLiD\leaf blight\leaf blight404.jpg,1080,1080,232054,132.9417440826475,214.8672637939453,1
GVLiD\leaf blight\leaf blight405.jpg,1080,1080,238867,125.74462054183816,367.2269287109375,1
GVLiD\leaf blight\leaf blight406.jpg,1080,1080,238867,125.74462054183816,367.2269287109375,1
GVLiD\leaf blight\leaf blight407.jpg,1080,1080,248066,131.28802851766116,394.189697265625,1
GVLiD\leaf blight\leaf blight408.jpg,1080,1080,248066,131.28802851766116,394.189697265625,1
GVLiD\leaf blight\leaf blight409.jpg,1080,1080,284957,145.63193907664615,424.55706787109375,1
GVLiD\leaf blight\leaf blight410.jpg,1080,1080,284957,145.63193907664615,424.55706787109375,1
GVLiD\leaf blight\leaf blight411.jpg,1080,1080,282084,119.43213587277094,825.99365234375,1
GVLiD\leaf blight\leaf blight412.jpg,1080,1080,282084,119.43213587277094,825.99365234375,1
GVLiD\leaf blight\leaf blight413.jpg,1080,1080,267278,106.57814769804526,528.2189331054688,1
GVLiD\leaf blight\leaf blight414.jpg,1080,1080,267278,106.57814769804526,528.2189331054688,1
GVLiD\leaf blight\leaf blight415.jpg,1080,1080,372486,101.728169949417,1096.4007568359375,1
GVLiD\leaf blight\leaf blight416.jpg,1080,1080,372486,101.728169949417,1096.4007568359375,1
GVLiD\leaf blight\leaf blight417.jpg,1080,1080,347786,104.73545988425927,854.2772216796875,1
GVLiD\leaf blight\leaf blight418.jpg,1080,1080,347786,104.73545988425927,854.2772216796875,1
GVLiD\leaf blight\leaf blight419.jpg,1080,1080,347786,104.73545988425927,854.2772216796875,1
GVLiD\leaf blight\leaf blight420.jpg,1080,1080,347786,104.73545988425927,854.2772216796875,1
GVLiD\leaf blight\leaf blight421.jpg,1080,1080,266245,118.15857437499997,683.072509765625,1
GVLiD\leaf blight\leaf blight422.jpg,1080,1080,266245,118.15857437499997,683.072509765625,1
GVLiD\leaf blight\leaf blight423.jpg,1080,1080,248885,111.01439203875168,308.1299743652344,1
GVLiD\leaf blight\leaf blight424.jpg,1080,1080,248885,111.01439203875168,308.1299743652344,1
GVLiD\leaf blight\leaf blight425.jpg,1080,1080,254201,115.2353646673525,250.88540649414062,1
GVLiD\leaf blight\leaf blight426.jpg,1080,1080,254201,115.2353646673525,250.88540649414062,1
GVLiD\leaf blight\leaf blight427.jpg,1080,1080,219733,115.48260625085726,294.0279235839844,1
GVLiD\leaf blight\leaf blight428.jpg,1080,1080,219733,115.48260625085726,294.0279235839844,1
GVLiD\leaf blight\leaf blight429.jpg,1080,1080,247881,108.592438289609,447.36199951171875,1
GVLiD\leaf blight\leaf blight430.jpg,1080,1080,247881,108.592438289609,447.36199951171875,1
GVLiD\leaf blight\leaf blight431.jpg,1080,1080,216847,114.5791885322359,282.6036071777344,1
GVLiD\leaf blight\leaf blight432.jpg,1080,1080,216847,114.5791885322359,282.6036071777344,1
GVLiD\leaf blight\leaf blight433.jpg,1080,1080,252963,112.07734935013713,398.9911804199219,1
GVLiD\leaf blight\leaf blight434.jpg,1080,1080,252963,112.07734935013713,398.9911804199219,1
GVLiD\leaf blight\leaf blight435.jpg,1080,1080,255202,109.4333162131344,573.1203002929688,1
GVLiD\leaf blight\leaf blight436.jpg,1080,1080,255202,109.4333162131344,573.1203002929688,1
GVLiD\leaf blight\leaf blight437.jpg,1080,1080,268346,106.80826379286687,680.6131591796875,1
GVLiD\leaf blight\leaf blight438.jpg,1080,1080,268346,106.80826379286687,680.6131591796875,1
GVLiD\leaf blight\leaf blight439.jpg,1080,1080,289953,121.04589922839516,583.2861938476562,1
GVLiD\leaf blight\leaf blight440.jpg,1080,1080,289953,121.04589922839516,583.2861938476562,1
GVLiD\leaf blight\leaf blight441.jpg,1080,1080,289953,121.04589922839516,583.2861938476562,1
GVLiD\leaf blight\leaf blight442.jpg,1080,1080,289953,121.04589922839516,583.2861938476562,1
GVLiD\leaf blight\leaf blight443.jpg,1080,1080,213183,129.56401540637862,230.1063995361328,1
GVLiD\leaf blight\leaf blight444.jpg,1080,1080,213183,129.56401540637862,230.1063995361328,1
GVLiD\leaf blight\leaf blight445.jpg,1080,1080,224316,133.1582569135802,274.7667541503906,1
GVLiD\leaf blight\leaf blight446.jpg,1080,1080,224316,133.1582569135802,274.7667541503906,1
GVLiD\leaf blight\leaf blight447.jpg,1080,1080,243968,98.41785014489024,486.7938537597656,1
GVLiD\leaf blight\leaf blight448.jpg,1080,1080,243968,98.41785014489024,486.7938537597656,1
GVLiD\leaf blight\leaf blight449.jpg,1080,1080,269436,146.07404471536356,367.59881591796875,1
GVLiD\leaf blight\leaf blight450.jpg,1080,1080,269436,146.07404471536356,367.59881591796875,1
GVLiD\leaf blight\leaf blight451.jpg,1080,1080,326352,112.19054763631682,855.1290283203125,1
GVLiD\leaf blight\leaf blight452.jpg,1080,1080,326352,112.19054763631682,855.1290283203125,1
GVLiD\leaf blight\leaf blight453.jpg,1080,1080,345603,139.27796218878603,1215.4066162109375,1
GVLiD\leaf blight\leaf blight454.jpg,1080,1080,345603,139.27796218878603,1215.4066162109375,1
GVLiD\leaf blight\leaf blight455.jpg,1080,1080,377869,115.49937484224965,1355.7607421875,1
GVLiD\leaf blight\leaf blight456.jpg,1080,1080,377869,115.49937484224965,1355.7607421875,1
GVLiD\leaf blight\leaf blight457.jpg,1080,1080,180801,111.96150591820981,116.82560729980469,1
GVLiD\leaf blight\leaf blight458.jpg,1080,1080,180801,111.96150591820981,116.82560729980469,1
GVLiD\leaf blight\leaf blight459.jpg,1080,1080,230200,103.90246780435531,259.2696228027344,1
GVLiD\leaf blight\leaf blight460.jpg,1080,1080,230200,103.90246780435531,259.2696228027344,1
GVLiD\leaf blight\leaf blight461.jpg,1080,1080,294527,117.73301737654317,656.1505126953125,1
GVLiD\leaf blight\leaf blight462.jpg,1080,1080,294527,117.73301737654317,656.1505126953125,1
GVLiD\leaf blight\leaf blight463.jpg,1080,1080,306633,146.52027850823038,485.6998596191406,1
GVLiD\leaf blight\leaf blight464.jpg,1080,1080,306633,146.52027850823038,485.6998596191406,1
GVLiD\leaf blight\leaf blight465.jpg,1080,1080,295768,126.44299418038409,789.6524658203125,1
GVLiD\leaf blight\leaf blight466.jpg,1080,1080,295768,126.44299418038409,789.6524658203125,1
GVLiD\leaf blight\leaf blight467.jpg,1080,1080,342902,132.57581566958163,882.6915893554688,1
GVLiD\leaf blight\leaf blight468.jpg,1080,1080,342902,132.57581566958163,882.6915893554688,1
GVLiD\leaf blight\leaf blight469.jpg,1080,1080,321109,116.5096928283608,835.5194702148438,1
GVLiD\leaf blight\leaf blight470.jpg,1080,1080,321109,116.5096928283608,835.5194702148438,1
GVLiD\leaf blight\leaf blight471.jpg,1080,1080,219217,70.37985071844993,211.15753173828125,1
GVLiD\leaf blight\leaf blight472.jpg,1080,1080,219217,70.37985071844993,211.15753173828125,1
GVLiD\leaf blight\leaf blight473.jpg,1080,1080,270249,93.85192672410834,588.864013671875,1
GVLiD\leaf blight\leaf blight474.jpg,1080,1080,270249,93.85192672410834,588.864013671875,1
GVLiD\leaf blight\leaf blight475.jpg,1080,1080,299661,94.3526660416667,479.5739440917969,1
GVLiD\leaf blight\leaf blight476.jpg,1080,1080,299661,94.3526660416667,479.5739440917969,1
GVLiD\leaf blight\leaf blight477.jpg,1080,1080,270531,130.52751068501368,538.0720825195312,1
GVLiD\leaf blight\leaf blight478.jpg,1080,1080,270531,130.52751068501368,538.0720825195312,1
GVLiD\leaf blight\leaf blight479.jpg,1080,1080,216792,131.83595468106992,305.17138671875,1
GVLiD\leaf blight\leaf blight480.jpg,1080,1080,216792,131.83595468106992,305.17138671875,1
GVLiD\leaf blight\leaf blight481.jpg,1080,1080,289632,110.99331383144715,713.2403564453125,1
GVLiD\leaf blight\leaf blight482.jpg,1080,1080,289632,110.99331383144715,713.2403564453125,1
GVLiD\leaf blight\leaf blight483.jpg,1080,1080,349009,121.76177744255827,996.8467407226562,1
GVLiD\leaf blight\leaf blight484.jpg,1080,1080,349009,121.76177744255827,996.8467407226562,1
GVLiD\leaf blight\leaf blight485.jpg,1080,1080,306562,123.25796377743484,633.0203857421875,1
GVLiD\leaf blight\leaf blight486.jpg,1080,1080,306562,123.25796377743484,633.0203857421875,1
GVLiD\leaf blight\leaf blight487.jpg,1080,1080,232209,148.79639075617283,200.26296997070312,1
GVLiD\leaf blight\leaf blight488.jpg,1080,1080,232209,148.79639075617283,200.26296997070312,1
GVLiD\leaf blight\leaf blight489.jpg,1080,1080,243802,107.28623696759261,360.20428466796875,1
GVLiD\leaf blight\leaf blight490.jpg,1080,1080,243802,107.28623696759261,360.20428466796875,1
GVLiD\leaf blight\leaf blight491.jpg,1080,1080,234864,124.45066754886824,302.71954345703125,1
GVLiD\leaf blight\leaf blight492.jpg,1080,1080,234864,124.45066754886824,302.71954345703125,1
GVLiD\leaf blight\leaf blight493.jpg,1080,1080,271176,94.84784362054185,644.6995239257812,1
GVLiD\leaf blight\leaf blight494.jpg,1080,1080,271176,94.84784362054185,644.6995239257812,1
GVLiD\leaf blight\leaf blight495.jpg,1080,1080,299275,104.55373413494513,736.05126953125,1
GVLiD\leaf blight\leaf blight496.jpg,1080,1080,299275,104.55373413494513,736.05126953125,1
GVLiD\leaf blight\leaf blight497.jpg,1080,1080,326783,104.93802261316874,762.20654296875,1
GVLiD\leaf blight\leaf blight498.jpg,1080,1080,326783,104.93802261316874,762.20654296875,1
GVLiD\leaf blight\leaf blight499.jpg,1080,1080,277553,88.59453322016462,589.9735107421875,1
GVLiD\leaf blight\leaf blight500.jpg,1080,1080,277553,88.59453322016462,589.9735107421875,1
GVLiD\leaf blight\leaf blight501.jpg,1080,1080,254800,107.60742942558299,364.34368896484375,1
GVLiD\leaf blight\leaf blight502.jpg,1080,1080,254800,107.60742942558299,364.34368896484375,1
GVLiD\leaf blight\leaf blight503.jpg,1080,1080,239827,114.17567502657754,243.51512145996094,1
GVLiD\leaf blight\leaf blight504.jpg,1080,1080,239827,114.17567502657754,243.51512145996094,1
GVLiD\leaf blight\leaf blight505.jpg,1080,1080,208958,118.39704951817554,360.8600769042969,1
GVLiD\leaf blight\leaf blight506.jpg,1080,1080,208958,118.39704951817554,360.8600769042969,1
GVLiD\leaf blight\leaf blight507.jpg,1080,1080,243447,100.53779207133064,592.0708618164062,1
GVLiD\leaf blight\leaf blight508.jpg,1080,1080,243447,100.53779207133064,592.0708618164062,1
GVLiD\leaf blight\leaf blight509.jpg,1080,1080,318510,130.53970697273667,623.9420776367188,1
GVLiD\leaf blight\leaf blight510.jpg,1080,1080,318510,130.53970697273667,623.9420776367188,1
GVLiD\leaf blight\leaf blight511.jpg,1080,1080,272562,126.79857460819612,365.91265869140625,1
GVLiD\leaf blight\leaf blight512.jpg,1080,1080,272562,126.79857460819612,365.91265869140625,1
GVLiD\leaf blight\leaf blight513.jpg,1080,1080,272201,123.60981491598078,461.9134216308594,1
GVLiD\leaf blight\leaf blight514.jpg,1080,1080,272201,123.60981491598078,461.9134216308594,1
GVLiD\leaf blight\leaf blight515.jpg,1080,1080,277521,117.86327453960904,665.252685546875,1
GVLiD\leaf blight\leaf blight516.jpg,1080,1080,277521,117.86327453960904,665.252685546875,1
GVLiD\leaf blight\leaf blight517.jpg,1080,1080,159727,101.70310536265436,128.50872802734375,1
GVLiD\leaf blight\leaf blight518.jpg,1080,1080,159727,101.70310536265436,128.50872802734375,1
GVLiD\leaf blight\leaf blight519.jpg,1080,1080,222217,112.87997047753774,264.674560546875,1
GVLiD\leaf blight\leaf blight520.jpg,1080,1080,222217,112.87997047753774,264.674560546875,1
GVLiD\leaf blight\leaf blight521.jpg,1080,1080,353579,111.83839415980789,1108.344970703125,1
GVLiD\leaf blight\leaf blight522.jpg,1080,1080,353579,111.83839415980789,1108.344970703125,1
GVLiD\leaf blight\leaf blight523.jpg,1080,1080,353579,111.83839415980789,1108.344970703125,1
GVLiD\leaf blight\leaf blight524.jpg,1080,1080,353579,111.83839415980789,1108.344970703125,1
GVLiD\leaf blight\leaf blight525.jpg,1080,1080,300973,110.3500378935185,688.6177368164062,1
GVLiD\leaf blight\leaf blight526.jpg,1080,1080,300973,110.3500378935185,688.6177368164062,1
GVLiD\leaf blight\leaf blight527.jpg,1080,1080,257051,109.52319490912218,401.2540588378906,1
GVLiD\leaf blight\leaf blight528.jpg,1080,1080,257051,109.52319490912218,401.2540588378906,1
GVLiD\leaf blight\leaf blight529.jpg,1080,1080,238016,101.92325632544583,502.0492248535156,1
GVLiD\leaf blight\leaf blight530.jpg,1080,1080,238016,101.92325632544583,502.0492248535156,1
GVLiD\leaf blight\leaf blight531.jpg,1080,1080,253869,108.55497185442387,572.1890869140625,1
GVLiD\leaf blight\leaf blight532.jpg,1080,1080,253869,108.55497185442387,572.1890869140625,1
GVLiD\leaf blight\leaf blight533.jpg,1080,1080,318915,99.22902990997936,1105.4647216796875,1
GVLiD\leaf blight\leaf blight534.jpg,1080,1080,318915,99.22902990997936,1105.4647216796875,1
GVLiD\leaf blight\leaf blight535.jpg,1080,1080,208446,84.69506795867628,530.1386108398438,1
GVLiD\leaf blight\leaf blight536.jpg,1080,1080,208446,84.69506795867628,530.1386108398438,1
GVLiD\leaf blight\leaf blight537.jpg,1080,1080,227516,145.1888010536694,316.31793212890625,1
GVLiD\leaf blight\leaf blight538.jpg,1080,1080,227516,145.1888010536694,316.31793212890625,1
GVLiD\leaf blight\leaf blight539.jpg,1080,1080,273708,114.378455210048,427.3486022949219,1
GVLiD\leaf blight\leaf blight540.jpg,1080,1080,273708,114.378455210048,427.3486022949219,1
GVLiD\leaf blight\leaf blight541.jpg,1080,1080,196008,133.60417834190676,180.34878540039062,1
GVLiD\leaf blight\leaf blight542.jpg,1080,1080,196008,133.60417834190676,180.34878540039062,1
GVLiD\leaf blight\leaf blight543.jpg,1080,1080,308324,127.05483263631685,735.217529296875,1
GVLiD\leaf blight\leaf blight544.jpg,1080,1080,308324,127.05483263631685,735.217529296875,1
GVLiD\leaf blight\leaf blight545.jpg,1080,1080,242411,142.74209715963636,329.863525390625,1
GVLiD\leaf blight\leaf blight546.jpg,1080,1080,242411,142.74209715963636,329.863525390625,1
GVLiD\leaf blight\leaf blight547.jpg,1080,1080,189101,131.29845666838133,116.58684539794922,1
GVLiD\leaf blight\leaf blight548.jpg,1080,1080,189101,131.29845666838133,116.58684539794922,1
GVLiD\leaf blight\leaf blight549.jpg,1080,1080,216334,126.55701565672146,237.58502197265625,1
GVLiD\leaf blight\leaf blight550.jpg,1080,1080,216334,126.55701565672146,237.58502197265625,1
GVLiD\leaf blight\leaf blight551.jpg,1080,1080,314562,113.65213338220165,847.357177734375,1
GVLiD\leaf blight\leaf blight552.jpg,1080,1080,314562,113.65213338220165,847.357177734375,1
GVLiD\leaf blight\leaf blight553.jpg,1080,1080,279383,128.8589231953018,678.3346557617188,1
GVLiD\leaf blight\leaf blight554.jpg,1080,1080,279383,128.8589231953018,678.3346557617188,1
GVLiD\leaf blight\leaf blight555.jpg,1080,1080,298511,111.28561416066523,770.3424072265625,1
GVLiD\leaf blight\leaf blight556.jpg,1080,1080,298511,111.28561416066523,770.3424072265625,1
GVLiD\leaf blight\leaf blight557.jpg,1080,1080,225307,136.79589739283279,333.2720642089844,1
GVLiD\leaf blight\leaf blight558.jpg,1080,1080,225307,136.79589739283279,333.2720642089844,1
GVLiD\leaf blight\leaf blight559.jpg,1080,1080,320131,122.89364361282578,761.1729736328125,1
GVLiD\leaf blight\leaf blight560.jpg,1080,1080,320131,122.89364361282578,761.1729736328125,1
GVLiD\leaf blight\leaf blight561.jpg,1080,1080,281424,118.80489030349796,638.023681640625,1
GVLiD\leaf blight\leaf blight562.jpg,1080,1080,281424,118.80489030349796,638.023681640625,1
GVLiD\leaf blight\leaf blight563.jpg,1080,1080,318536,118.67939482253094,694.5468139648438,1
GVLiD\leaf blight\leaf blight564.jpg,1080,1080,318536,118.67939482253094,694.5468139648438,1
GVLiD\leaf blight\leaf blight565.jpg,1080,1080,212470,121.14254436385457,170.91909790039062,1
GVLiD\leaf blight\leaf blight566.jpg,1080,1080,212470,121.14254436385457,170.91909790039062,1
GVLiD\leaf blight\leaf blight567.jpg,1080,1080,273646,135.90137874742797,484.3315124511719,1
GVLiD\leaf blight\leaf blight568.jpg,1080,1080,273646,135.90137874742797,484.3315124511719,1
GVLiD\leaf blight\leaf blight569.jpg,1080,1080,285700,129.56917530006857,586.4830932617188,1
GVLiD\leaf blight\leaf blight570.jpg,1080,1080,285700,129.56917530006857,586.4830932617188,1
GVLiD\leaf blight\leaf blight571.jpg,1080,1080,253489,104.27868188700275,647.198974609375,1
GVLiD\leaf blight\leaf blight572.jpg,1080,1080,253489,104.27868188700275,647.198974609375,1
GVLiD\leaf blight\leaf blight573.jpg,1080,1080,292619,114.48685467335392,623.1297607421875,1
GVLiD\leaf blight\leaf blight574.jpg,1080,1080,292619,114.48685467335392,623.1297607421875,1
GVLiD\leaf blight\leaf blight575.jpg,1080,1080,175783,98.48965358110424,175.20123291015625,1
GVLiD\leaf blight\leaf blight576.jpg,1080,1080,175783,98.48965358110424,175.20123291015625,1
GVLiD\leaf blight\leaf blight577.jpg,1080,1080,277640,122.03115496913584,478.0981140136719,1
GVLiD\leaf blight\leaf blight578.jpg,1080,1080,277640,122.03115496913584,478.0981140136719,1
GVLiD\leaf blight\leaf blight579.jpg,1080,1080,228434,111.73347030521265,417.9546203613281,1
GVLiD\leaf blight\leaf blight580.jpg,1080,1080,228434,111.73347030521265,417.9546203613281,1
GVLiD\leaf blight\leaf blight581.jpg,1080,1080,183883,149.8120322899519,160.7238311767578,1
GVLiD\leaf blight\leaf blight582.jpg,1080,1080,183883,149.8120322899519,160.7238311767578,1
GVLiD\leaf blight\leaf blight583.jpg,1080,1080,192305,106.91829761231136,189.85260009765625,1
GVLiD\leaf blight\leaf blight584.jpg,1080,1080,192305,106.91829761231136,189.85260009765625,1
GVLiD\leaf blight\leaf blight585.jpg,1080,1080,124410,78.24709822530862,33.40385055541992,1
GVLiD\leaf blight\leaf blight586.jpg,1080,1080,124410,78.24709822530862,33.40385055541992,1
GVLiD\leaf blight\leaf blight587.jpg,1080,1080,288104,129.3236667455418,537.3881225585938,1
GVLiD\leaf blight\leaf blight588.jpg,1080,1080,288104,129.3236667455418,537.3881225585938,1
GVLiD\leaf blight\leaf blight589.jpg,1080,1080,288067,105.02486762688616,749.5352783203125,1
GVLiD\leaf blight\leaf blight590.jpg,1080,1080,288067,105.02486762688616,749.5352783203125,1
GVLiD\leaf blight\leaf blight591.jpg,1080,1080,333373,132.04670242455416,1113.5694580078125,1
GVLiD\leaf blight\leaf blight592.jpg,1080,1080,333373,132.04670242455416,1113.5694580078125,1
GVLiD\leaf blight\leaf blight593.jpg,1080,1080,186129,92.18463799554182,231.99179077148438,1
GVLiD\leaf blight\leaf blight594.jpg,1080,1080,186129,92.18463799554182,231.99179077148438,1
GVLiD\leaf blight\leaf blight595.jpg,1080,1080,278895,114.91015787465709,670.816650390625,1
GVLiD\leaf blight\leaf blight596.jpg,1080,1080,278895,114.91015787465709,670.816650390625,1
GVLiD\leaf blight\leaf blight597.jpg,1080,1080,300234,137.88485212620026,748.1851196289062,1
GVLiD\leaf blight\leaf blight598.jpg,1080,1080,300234,137.88485212620026,748.1851196289062,1
GVLiD\leaf blight\leaf blight599.jpg,1080,1080,217533,119.81054644375855,245.6248016357422,1
GVLiD\leaf blight\leaf blight600.jpg,1080,1080,217533,119.81054644375855,245.6248016357422,1
GVLiD\leaf blight\leaf blight601.jpg,1080,1080,162753,156.42818121913572,90.61782836914062,1
GVLiD\leaf blight\leaf blight602.jpg,1080,1080,162753,156.42818121913572,90.61782836914062,1
GVLiD\leaf blight\leaf blight603.jpg,1080,1080,159281,91.14520654749656,147.29115295410156,1
GVLiD\leaf blight\leaf blight604.jpg,1080,1080,159281,91.14520654749656,147.29115295410156,1
GVLiD\leaf blight\leaf blight605.jpg,1080,1080,178620,95.3545196013375,145.51751708984375,1
GVLiD\leaf blight\leaf blight606.jpg,1080,1080,178620,95.3545196013375,145.51751708984375,1
GVLiD\leaf blight\leaf blight607.jpg,1080,1080,214581,136.3727932141633,274.2025451660156,1
GVLiD\leaf blight\leaf blight608.jpg,1080,1080,214581,136.3727932141633,274.2025451660156,1
GVLiD\leaf blight\leaf blight609.jpg,1080,1080,151883,142.01857140003426,73.5699462890625,1
GVLiD\leaf blight\leaf blight610.jpg,1080,1080,151883,142.01857140003426,73.5699462890625,1
GVLiD\leaf blight\leaf blight611.jpg,1080,1080,130328,102.26528040380659,86.94123077392578,1
GVLiD\leaf blight\leaf blight612.jpg,1080,1080,130328,102.26528040380659,86.94123077392578,1
GVLiD\leaf blight\leaf blight613.jpg,1080,1080,164242,155.7906818046983,115.81764221191406,1
GVLiD\leaf blight\leaf blight614.jpg,1080,1080,164242,155.7906818046983,115.81764221191406,1
GVLiD\leaf blight\leaf blight615.jpg,1080,1080,173964,92.6107728069273,109.62496948242188,1
GVLiD\leaf blight\leaf blight616.jpg,1080,1080,173964,92.6107728069273,109.62496948242188,1
GVLiD\leaf blight\leaf blight617.jpg,1080,1080,135008,132.78305984739367,47.01964569091797,1
GVLiD\leaf blight\leaf blight618.jpg,1080,1080,135008,132.78305984739367,47.01964569091797,1
GVLiD\leaf blight\leaf blight619.jpg,1080,1080,186939,133.63806249742788,141.14898681640625,1
GVLiD\leaf blight\leaf blight620.jpg,1080,1080,186939,133.63806249742788,141.14898681640625,1
GVLiD\leaf blight\leaf blight621.jpg,1080,1080,169764,129.27297141889565,88.00169372558594,1
GVLiD\leaf blight\leaf blight622.jpg,1080,1080,169764,129.27297141889565,88.00169372558594,1
GVLiD\leaf blight\leaf blight623.jpg,1080,1080,143852,87.7212564308985,112.7324447631836,1
GVLiD\leaf blight\leaf blight624.jpg,1080,1080,143852,87.7212564308985,112.7324447631836,1
GVLiD\leaf blight\leaf blight625.jpg,1080,1080,207853,116.84887925497253,245.26011657714844,1
GVLiD\leaf blight\leaf blight626.jpg,1080,1080,207853,116.84887925497253,245.26011657714844,1
GVLiD\leaf blight\leaf blight627.jpg,1080,1080,137614,105.4078447710906,64.58224487304688,1
GVLiD\leaf blight\leaf blight628.jpg,1080,1080,137614,105.4078447710906,64.58224487304688,1
GVLiD\leaf blight\leaf blight629.jpg,1080,1080,139170,99.99163274434152,66.1181869506836,1
GVLiD\leaf blight\leaf blight630.jpg,1080,1080,139170,99.99163274434152,66.1181869506836,1
GVLiD\leaf blight\leaf blight631.jpg,1080,1080,142647,84.56449548353908,75.11966705322266,1
GVLiD\leaf blight\leaf blight632.jpg,1080,1080,142647,84.56449548353908,75.11966705322266,1
GVLiD\leaf blight\leaf blight633.jpg,1080,1080,195558,110.8592065972222,191.18600463867188,1
GVLiD\leaf blight\leaf blight634.jpg,1080,1080,195558,110.8592065972222,191.18600463867188,1
GVLiD\leaf blight\leaf blight635.jpg,1080,1080,210032,145.0104215817901,258.7959899902344,1
GVLiD\leaf blight\leaf blight636.jpg,1080,1080,210032,145.0104215817901,258.7959899902344,1
GVLiD\leaf blight\leaf blight637.jpg,1080,1080,152223,113.09959717764058,68.90510559082031,1
GVLiD\leaf blight\leaf blight638.jpg,1080,1080,152223,113.09959717764058,68.90510559082031,1
GVLiD\leaf blight\leaf blight639.jpg,1080,1080,194329,135.71680914008914,163.93621826171875,1
GVLiD\leaf blight\leaf blight640.jpg,1080,1080,194329,135.71680914008914,163.93621826171875,1
GVLiD\leaf blight\leaf blight641.jpg,1080,1080,150306,99.27957850051438,77.19841766357422,1
GVLiD\leaf blight\leaf blight642.jpg,1080,1080,150306,99.27957850051438,77.19841766357422,1
GVLiD\leaf blight\leaf blight643.jpg,1080,1080,151103,68.3390257021605,133.8922882080078,1
GVLiD\leaf blight\leaf blight644.jpg,1080,1080,151103,68.3390257021605,133.8922882080078,1
GVLiD\leaf blight\leaf blight645.jpg,1080,1080,123238,163.92963613597396,26.557788848876953,1
GVLiD\leaf blight\leaf blight646.jpg,1080,1080,123238,163.92963613597396,26.557788848876953,1
GVLiD\leaf blight\leaf blight647.jpg,1080,1080,131961,96.01308187157063,44.76495361328125,1
GVLiD\leaf blight\leaf blight648.jpg,1080,1080,131961,96.01308187157063,44.76495361328125,1
GVLiD\leaf blight\leaf blight649.jpg,1080,1080,153896,103.73063215706453,89.13243865966797,1
GVLiD\leaf blight\leaf blight650.jpg,1080,1080,153896,103.73063215706453,89.13243865966797,1
GVLiD\leaf blight\leaf blight651.jpg,1080,1080,176903,130.27806373628263,125.91059112548828,1
GVLiD\leaf blight\leaf blight652.jpg,1080,1080,176903,130.27806373628263,125.91059112548828,1
GVLiD\leaf blight\leaf blight653.jpg,1080,1080,171584,102.98983320558975,131.6015167236328,1
GVLiD\leaf blight\leaf blight654.jpg,1080,1080,171584,102.98983320558975,131.6015167236328,1
GVLiD\leaf blight\leaf blight655.jpg,1080,1080,155415,128.31671680384088,76.44629669189453,1
GVLiD\leaf blight\leaf blight656.jpg,1080,1080,155415,128.31671680384088,76.44629669189453,1
GVLiD\leaf blight\leaf blight657.jpg,1080,1080,183502,146.11246235768184,164.7374267578125,1
GVLiD\leaf blight\leaf blight658.jpg,1080,1080,183502,146.11246235768184,164.7374267578125,1
GVLiD\leaf blight\leaf blight659.jpg,1080,1080,242410,143.26655510888205,383.73492431640625,1
GVLiD\leaf blight\leaf blight660.jpg,1080,1080,242410,143.26655510888205,383.73492431640625,1
GVLiD\leaf blight\leaf blight661.jpg,1080,1080,180309,92.34925344993138,190.69725036621094,1
GVLiD\leaf blight\leaf blight662.jpg,1080,1080,180309,92.34925344993138,190.69725036621094,1
GVLiD\leaf blight\leaf blight663.jpg,1080,1080,169826,102.65412024176955,419.9902648925781,1
GVLiD\leaf blight\leaf blight664.jpg,1080,1080,169826,102.65412024176955,419.9902648925781,1
GVLiD\leaf blight\leaf blight665.jpg,1080,1080,186077,130.59433303926605,141.52587890625,1
GVLiD\leaf blight\leaf blight666.jpg,1080,1080,186077,130.59433303926605,141.52587890625,1
GVLiD\leaf blight\leaf blight667.jpg,1080,1080,200405,103.66523598079557,239.01821899414062,1
GVLiD\leaf blight\leaf blight668.jpg,1080,1080,200405,103.66523598079557,239.01821899414062,1
GVLiD\leaf blight\leaf blight669.jpg,1080,1080,204707,102.87926796210557,263.0511474609375,1
GVLiD\leaf blight\leaf blight670.jpg,1080,1080,204707,102.87926796210557,263.0511474609375,1
GVLiD\leaf blight\leaf blight671.jpg,1080,1080,186333,102.79151773576821,211.82830810546875,1
GVLiD\leaf blight\leaf blight672.jpg,1080,1080,186333,102.79151773576821,211.82830810546875,1
